custom_id,error,model,Q1,Q2,Q3,Q4,in_actual
samples_table_GSE189047.csv,,o4-mini-2025-04-16,"No | evidence: Dataset consists of A549 lung cancer cell line samples with treatment conditions, no patient survival variables provided. | justification: No patient-specific survival time or status variables (OS, PFS, etc.) present.","No | stage i evidence: Data from A549 cell line, not patient cohort; no staging information. | act evidence: Treatment labels refer to in vitro drug exposure, not patient adjuvant chemotherapy annotation. | justification: No patient stage I composition or explicit adjuvant chemotherapy annotation.",meets survival criterion: No | meets stage or act criterion: No | justification: Fails to provide any patient survival data or stage I/ACT annotation; cell line dataset not meeting inclusion criteria.,No,False
samples_table_GSE10096.csv,,o4-mini-2025-04-16,"No | evidence: No patient-level OS/RFS/PFS status or time variables provided; data derive from cell line/metastasis assays, not human survival records. | justification: The dataset reports Kaplan-Meier curves in a murine model and cell line experiments, with no individual patient survival fields.","No | stage i evidence: No stage annotations; samples are cell lines, not clinical stage I patients. | act evidence: No adjuvant chemotherapy annotations present. | justification: All samples are NSCLC-derived cell lines tested for bone tropism, lacking clinical stage or treatment metadata.",meets survival criterion: No | meets stage or act criterion: No | justification: Fails both survival data requirement (no patient-level status/time) and stage I/ACT requirement (no clinical annotations).,No,False
samples_table_GSE27606.csv,,o4-mini-2025-04-16,"No | evidence: No columns for OS, PFS, RFS status or time present. | justification: Dataset contains only sample collection timing, not survival endpoints.",Yes | stage i evidence: 14 of 22 samples (63.6%) are Stage I (1A or 1B). | act evidence: None reported. | justification: Majority of patients are Stage I.,"meets survival criterion: No | meets stage or act criterion: Yes | justification: Although it meets the Stage I composition criterion, it lacks patient-specific survival time/status data.",No,False
samples_table_GSE38054.csv,,o4-mini-2025-04-16,"No | evidence: Columns: GPL14550_Group, GPL14550_Accession, Title, Source name, Cell type, Cell line, Treatment | justification: This is a cell‐line expression dataset with no patient survival time or status variables.",No | stage i evidence: Not reported | act evidence: Not reported | justification: No patient staging or adjuvant chemotherapy annotations—only cell line treatment conditions.,meets survival criterion: No | meets stage or act criterion: No | justification: Dataset lacks both patient survival data and required clinical annotations (stage I or ACT).,No,False
samples_table_GSE240758.csv,,o4-mini-2025-04-16,"No | evidence: No patient-specific variables for survival status or survival time in provided metadata (only age, race, sex, stage) | justification: Dataset lacks OS, PFS, RFS status or time variables","No | stage i evidence: Among NSCLC samples (8 total: 4 adenocarcinoma, 4 squamous), only 2 are Stage I/IB (~25%), below 50% threshold | act evidence: No adjuvant chemotherapy annotation provided | justification: Does not meet ≥50% Stage I or explicit ACT annotation",meets survival criterion: No | meets stage or act criterion: No | justification: Fails to provide required survival data and insufficient Stage I representation or ACT annotation,No,False
samples_table_GSE8332.csv,,o4-mini-2025-04-16,"No | evidence: Dataset lists only cell lines and experimental conditions; no patient survival status or time variables present. | justification: No clinical survival endpoints (OS, PFS, RFS) are provided.","No | justification: No clinical stage information or adjuvant chemotherapy annotation; samples are cell lines, not patient tumors.","meets survival criterion: No | meets stage or act criterion: No | justification: This is an in vitro cell-line expression study without any patient clinical data, survival outcomes, stage, or treatment annotations.",No,False
samples_table_GSE92679.csv,,o4-mini-2025-04-16,"No | evidence: Dataset describes only cell line treatments, no OS/RFS/PFS status or times. | justification: This is in vitro treatment data without any patient survival variables.","No | stage i evidence: N/A | act evidence: N/A | justification: Not a patient cohort; only cell lines are profiled, so no stage or adjuvant chemotherapy annotation.",meets survival criterion: No | meets stage or act criterion: No | justification: The dataset lacks patient-specific survival data and has no information on patient stage or adjuvant therapy.,No,False
samples_table_GSE75960.csv,,o4-mini-2025-04-16,"No | evidence: Study describes microarray profiling of NSCLC cell line DV90 after JQ1 treatment; no patient-level survival status or time variables reported. | justification: This is a cell line experiment, not a clinical cohort with survival data.","No | stage i evidence: No information on clinical stage; samples are cell line DV90. | act evidence: No adjuvant chemotherapy annotation for patients, only drug treatment of cell line. | justification: No patient-level staging or ACT information is provided.",meets survival criterion: No | meets stage or act criterion: No | justification: Fails both survival data and stage/ACT criteria; not a clinical dataset.,No,False
samples_table_GSE115864.csv,,o4-mini-2025-04-16,"No | evidence: Dataset comprises cell‐line xenograft groups (e.g., NTC-DMSO, Erlotinib treatments) with GSM identifiers; no patient OS/PFS variables. | justification: No patient‐specific survival status or time fields are present; data are from experimental cell lines, not clinical cohorts.","No | stage i evidence: None | act evidence: None | justification: No patient staging or adjuvant chemotherapy annotation; dataset labels refer to treatments in cell lines, not clinical ACT status.",meets survival criterion: No | meets stage or act criterion: No | justification: Lacks both required clinical survival variables and patient‐level stage I or ACT information.,No,False
samples_table_GSE27388.csv,,o4-mini-2025-04-16,"No | evidence: No patient-specific survival status or time variables (OS, PFS, RFS) are reported in the title, summary, or sample attributes. | justification: The dataset focuses on gene expression profiling from FFPE samples and does not include any survival endpoints.","No | stage i evidence: No staging information (e.g., Stage I–IV) provided for NSCLC patients. | act evidence: No annotation for adjuvant chemotherapy usage. | justification: The study is on cervical SCC and AC samples, not NSCLC, and lacks both stage and ACT data.","meets survival criterion: No | meets stage or act criterion: No | justification: Fails to provide patient-level survival data and does not meet the stage I or ACT criteria; moreover, it is not an NSCLC dataset.",No,False
samples_table_GSE52717.csv,,o4-mini-2025-04-16,"No | evidence: Dataset table lists GSM samples from cell lines and xenografts with source names and cell types; no survival status/time fields present. | justification: No patient-specific survival variables (OS, PFS, RFS) are provided.",No | stage i evidence: Sample annotations indicate cell lines and patient-derived xenografts but no clinical stage I labels or proportions. | act evidence: No fields or metadata describe adjuvant chemotherapy status. | justification: Neither majority stage I composition nor ACT annotation is available.,meets survival criterion: No | meets stage or act criterion: No | justification: Lacks both required survival data and stage I or ACT information.,No,False
samples_table_GSE171702.csv,,o4-mini-2025-04-16,"No | evidence: No columns for survival status or survival time (e.g., OS, PFS) in sample annotation. | justification: Provided fields include tissue type, gender, histology, stage, age, but no survival variables.",No | stage i evidence: Only 1 sample (GSM5231067) listed as Stage 1A out of ~30 total. | act evidence: No annotation for adjuvant chemotherapy. | justification: <50% of patients are Stage I and no ACT information is provided.,meets survival criterion: No | meets stage or act criterion: No | justification: Dataset lacks patient‐level survival data and does not meet the stage I or ACT composition criterion.,No,False
samples_table_GSE18346.csv,,o4-mini-2025-04-16,"No | evidence: No patient‐level OS, PFS, or RFS status/time columns are present in the sample annotation (only tissue type and sample IDs). | justification: Dataset is a splice array comparing tumor vs normal without any survival follow‐up data.",No | stage i evidence: No staging information provided (only “diagnostic NSCLC”). | act evidence: No adjuvant chemotherapy annotation present. | justification: Neither stage distribution nor ACT status is reported.,"meets survival criterion: No | meets stage or act criterion: No | justification: The dataset lacks both survival variables and information on stage I proportion or ACT annotation, failing all inclusion criteria.",No,False
samples_table_GSE26241.csv,,o4-mini-2025-04-16,"No | evidence: Dataset description and sample table list only cell line treatments (siControl, siPKCiz, TGFbeta time points), no survival status or time variables. | justification: This is an in vitro A549 cell line experiment without any patient-specific survival data.",No | stage i evidence: None—no patient stage information available. | act evidence: None—no adjuvant chemotherapy annotation present. | justification: The dataset involves only cultured cell lines; no clinical stage or treatment annotations apply.,"meets survival criterion: No | meets stage or act criterion: No | justification: The dataset lacks both patient survival variables and any clinical stage I or adjuvant chemotherapy data, so it does not meet inclusion criteria.",No,False
samples_table_GSE136932.csv,,o4-mini-2025-04-16,"No | evidence: Dataset describes cell line treatments (A549, H1975) with Pirfenidone, no patient records or survival time/status fields. | justification: This is an in vitro transcriptome study; no patient survival data present.","No | stage i evidence: None – no patient staging information. | act evidence: None – no adjuvant chemotherapy annotation. | justification: Dataset contains only cell line experimental conditions, not clinical stage or treatment annotations.",meets survival criterion: No | meets stage or act criterion: No | justification: Fails both criteria: lacks patient-specific survival data and any stage I or ACT annotation.,No,False
samples_table_GSE184414.csv,,o4-mini-2025-04-16,No | evidence: Dataset contains only cell line identifiers (A549) and treatment conditions; no survival time or status variables present. | justification: This is an in vitro gene expression study with no patient-level survival information.,No | justification: No clinical staging or adjuvant chemotherapy annotation is provided; dataset comprises only treated and untreated cell lines.,meets survival criterion: No | meets stage or act criterion: No | justification: The dataset lacks both patient-specific survival data and any clinical stage I or adjuvant chemotherapy information; it does not meet inclusion criteria.,No,False
samples_table_GSE229302.csv,,o4-mini-2025-04-16,No | evidence: GPL18058_Status after 5 years (Alive/Dead) | justification: Only a 5-year status is provided; no patient-specific survival time variable is included.,No | stage i evidence: 1 of 3 patients (33%) is Stage I (IB) | act evidence: No adjuvant chemotherapy annotation present | justification: Less than 50% of patients are Stage I and no ACT data provided.,meets survival criterion: No | meets stage or act criterion: No | justification: Missing required survival time data and lacks >50% Stage I or ACT annotation.,No,False
samples_table_GSE115456.csv,,o4-mini-2025-04-16,"No | evidence: Cell line experiment; no patient survival status or time variables provided | justification: Dataset describes gene expression in NSCLC cell lines, not patient data",No | justification: No clinical staging or adjuvant chemotherapy annotations—only treatment conditions for cell lines,meets survival criterion: No | meets stage or act criterion: No | justification: Fails both survival data requirement and clinical stage/ACT composition criteria,No,False
samples_table_GSE23066.csv,,o4-mini-2025-04-16,"No | evidence: No columns or annotations for overall survival time/status, progression-free survival, or recurrence data in the provided file or summary. | justification: The dataset comprises MSC gene expression samples without any patient‐level survival variables.","No | stage i evidence: No patient tumor staging information provided in the title, summary, or sample annotations. | act evidence: No mention of adjuvant chemotherapy annotation for any sample. | justification: Only MSC and fibroblast sample types are listed, with no clinical stage or treatment details.",meets survival criterion: No | meets stage or act criterion: No | justification: Fails to meet both required criteria: lacks survival data and has no stage I majority or ACT annotation.,No,False
samples_table_GSE136933.csv,,o4-mini-2025-04-16,"No | evidence: Dataset only lists cell lines (A549, H1975), treatment agents and times; no survival status or time variables | justification: This is an in vitro cell line transcriptome study without any patient survival data.",No | stage i evidence: None | act evidence: None | justification: No clinical stage annotations or adjuvant chemotherapy information—only cell line treatments are described.,meets survival criterion: No | meets stage or act criterion: No | justification: Does not include any patient-specific survival variables or stage/ACT annotations; it is an in vitro study.,No,False
samples_table_GSE32989.csv,,o4-mini-2025-04-16,"No | evidence: Data represent NSCLC cell lines; no variables for overall or progression‐free survival status or time are provided. | justification: This is an expression profiling dataset of cell lines, not patient clinical data; no survival endpoints are present.","No | stage i evidence: No stage annotations for cell lines are provided; histology only. | act evidence: No annotation of adjuvant chemotherapy treatment is present. | justification: The dataset lacks any patient staging or treatment information, as it is based on cell lines.",meets survival criterion: No | meets stage or act criterion: No | justification: The dataset does not include patient survival data or any stage I/ACT annotations; it therefore fails inclusion criteria.,No,False
samples_table_GSE49644.csv,,o4-mini-2025-04-16,"No | evidence: Dataset consists of NSCLC cell line samples (A549, HCC827, NCI-H358) before/after EMT induction; no patient survival status or time variables present. | justification: Only in vitro cell line expression data provided; no clinical survival data.",No | stage i evidence: None (no clinical staging information) | act evidence: None (no adjuvant chemotherapy annotation) | justification: Samples are cell lines with no patient staging or treatment metadata.,meets survival criterion: No | meets stage or act criterion: No | justification: Does not include required patient-level survival data or meet staging/ACT criteria.,No,False
samples_table_GSE222124.csv,,o4-mini-2025-04-16,"No | evidence: Dataset contains only cell‐line expression samples (Jurkat, THP1, KHYG‐1) with treatment time points; no patient survival status or time variables. | justification: No patient data; only in vitro cell line experiments.","No | stage i evidence: No patient stage information present. | act evidence: No adjuvant chemotherapy annotation present. | justification: Dataset is entirely cell line–based, with no clinical stage or treatment data.",meets survival criterion: No | meets stage or act criterion: No | justification: Fails to provide any patient‐level survival or clinical staging/treatment annotations.,No,False
samples_table_GSE77209.csv,,o4-mini-2025-04-16,"No | evidence: Dataset fields include treatment, histology, age, gender, race, smoker status, pack-years; no survival status or time variables present. | justification: This is a preclinical dataset of cell lines and xenografts without patient follow-up or survival endpoints.","No | stage i evidence: None—no patient staging information provided. | act evidence: None—treatment column refers to in vitro chemotherapy cycles, not annotated patient adjuvant chemotherapy. | justification: No clinical stage data or clear adjuvant chemotherapy annotation at the patient level.",meets survival criterion: No | meets stage or act criterion: No | justification: Fails to provide patient-specific survival data and lacks clinical stage I or adjuvant chemotherapy annotation; does not meet inclusion criteria.,No,False
samples_table_GSE197109.csv,,o4-mini-2025-04-16,"No | evidence: Dataset consists solely of NSCLC cell line identifiers (e.g., A549, Calu1, etc.) and expression data; no survival status or time variables provided. | justification: No patient-specific survival variables (OS, PFS, RFS) are present.","No | stage i evidence: Not applicable – no patient staging information provided. | act evidence: Not applicable – no adjuvant chemotherapy annotation provided. | justification: Dataset is derived from cell lines, not clinical patient samples; no stage or ACT data.","meets survival criterion: No | meets stage or act criterion: No | justification: Does not meet survival data requirement or stage I/ACT annotation; derived from cell lines, not patient cohort.",No,False
samples_table_GSE175601.csv,,o4-mini-2025-04-16,"No | evidence: Columns: GPL21185_Group, GPL21185_Accession, Title, Source name, Tissue, Disease state; no survival time/status variables | justification: No patient-level survival variables (OS, PFS, RFS) provided",No | stage i evidence: Not reported | act evidence: Not reported | justification: No stage I composition or adjuvant chemotherapy annotations available,meets survival criterion: No | meets stage or act criterion: No | justification: Dataset lacks required survival data and does not report stage I or ACT information,No,False
samples_table_GSE209983.csv,,o4-mini-2025-04-16,No | evidence: No columns for survival time or status; only sample IDs and tissue source are provided. | justification: Dataset is from a mouse xenograft model with gene expression profiles and lacks any patient survival annotations.,No | stage i evidence: None—no clinical staging information provided. | act evidence: None—no annotation of adjuvant chemotherapy status. | justification: This is a preclinical mouse xenograft study without patient stage or treatment data.,meets survival criterion: No | meets stage or act criterion: No | justification: Fails both required criteria: no survival variables and no clinical stage I or ACT annotations.,No,False
samples_table_GSE203510.csv,,o4-mini-2025-04-16,"No | evidence: Available columns: Group, Accession, Title, Source name, Gender, MSC status, Disease state; no survival time/status variables | justification: No patient‐level follow‐up or survival time/status data are provided",No | stage i evidence: No staging information in study or sample annotations | act evidence: No adjuvant chemotherapy annotation present | justification: Dataset only indicates disease state (NSCLC vs healthy) without stage or treatment details,meets survival criterion: No | meets stage or act criterion: No | justification: Fails to provide required survival variables and lacks stage I or ACT annotation,No,False
samples_table_GSE33072.csv,,o4-mini-2025-04-16,Yes | evidence: Columns: GPL6244_Progression-free survival status; characteristics field includes progression-free survival time (months) | justification: The dataset contains patient‐level progression‐free survival status and time variables for each sample.,"No | stage i evidence: Most patients have Stage III/IV disease (e.g., IV, IIIB) with very few Stage I (e.g., one IB). | act evidence: No explicit adjuvant chemotherapy annotation present. | justification: Majority of patients are advanced stage and there is no annotation for adjuvant chemotherapy.","meets survival criterion: Yes | meets stage or act criterion: No | justification: While the dataset meets the survival data requirement (PFS status/time), it does not meet the second criterion of >50% Stage I cases or explicit adjuvant chemotherapy annotation.",No,False
samples_table_GSE47056.csv,,o4-mini-2025-04-16,"No | evidence: Dataset describes miRNA expression in A549 cell lines, no patient survival variables provided | justification: No patient-specific survival time or status variables are present","No | stage i evidence: Not applicable – no patient staging data | act evidence: Not applicable – no adjuvant chemotherapy annotation | justification: This dataset comprises cell line experiments, not clinical patient data",meets survival criterion: No | meets stage or act criterion: No | justification: Lacks both patient-specific survival data and clinical annotations for stage I or adjuvant chemotherapy,No,False
samples_table_GSE69630.csv,,o4-mini-2025-04-16,"No | evidence: Dataset contains only cell line experiments (A549, Nuli-1) without any patient survival status or time variables. | justification: No patient-specific clinical data for overall or progression-free survival are present.",No | stage i evidence: None – no patient stage annotations present. | act evidence: None – no adjuvant chemotherapy annotations present. | justification: This is a cell line study with no clinical staging or treatment metadata.,meets survival criterion: No | meets stage or act criterion: No | justification: Fails to provide any patient-specific survival data or clinical staging/ACT information; it is an in vitro cell line dataset.,No,False
samples_table_GSE21933.csv,,o4-mini-2025-04-16,"No | evidence: Columns: GPL6254_Stage, Histology, Sex, Age; no OS/PFS/RFS status or time variables provided | justification: Dataset contains only clinical stage, histology, sex, and age but no survival status or time fields",No | stage i evidence: 7 of 21 tumor samples are Stage I (IA or IB) = ~33% (<50%) | act evidence: No adjuvant chemotherapy annotation present | justification: Neither majority Stage I nor explicit ACT annotation,meets survival criterion: No | meets stage or act criterion: No | justification: Dataset lacks patient‐level survival data and fails the ≥50% Stage I or ACT annotation criterion,No,False
samples_table_GSE121682.csv,,o4-mini-2025-04-16,No | evidence: Dataset consists of in vitro prostate carcinoma cell line experiments without any patient survival status or time variables. | justification: No patient-specific survival data provided.,No | stage i evidence: Not applicable – no patient data. | act evidence: Not applicable – no adjuvant chemotherapy annotation. | justification: Dataset is preclinical and contains no clinical stage or treatment annotation.,meets survival criterion: No | meets stage or act criterion: No | justification: Does not include any patient-level survival or staging/ACT information; it is an in vitro cell line study.,No,False
samples_table_GSE17073.csv,,o4-mini-2025-04-16,No | evidence: Dataset comprises only in vitro bronchial epithelial cell lines; no patient survival status or time variables. | justification: No clinical patient data provided; only cultured cell line replicates.,"No | stage i evidence: Dataset contains only cell lines, no patient staging information. | act evidence: No adjuvant chemotherapy annotations present. | justification: All samples are in vitro models without clinical stage or treatment data.",meets survival criterion: No | meets stage or act criterion: No | justification: Dataset lacks both patient-specific survival data and clinical stage I or ACT annotations required for inclusion.,No,False
samples_table_GSE188406.csv,,o4-mini-2025-04-16,"No | evidence: No patient survival status or time variables provided | justification: Dataset contains only cell‐line expression data, no clinical follow‐up",No | stage i evidence: No patient staging data | act evidence: No adjuvant chemotherapy annotation | justification: Cell‐line study without any clinical patient characteristics,meets survival criterion: No | meets stage or act criterion: No | justification: Fails to provide any patient‐level survival or staging/ACT information; not eligible per inclusion criteria,No,False
samples_table_GSE94393.csv,,o4-mini-2025-04-16,No | evidence: Dataset contains only A549 cell line expression replicates | justification: No patient-specific survival time or status variables are present—this is an in vitro study,No | stage i evidence: Not applicable; no patient staging data | act evidence: Not applicable; no adjuvant chemotherapy annotation | justification: No clinical cohort information—only cell line experiments,meets survival criterion: No | meets stage or act criterion: No | justification: Lacks any clinical survival or staging/chemotherapy data; does not meet inclusion criteria,No,False
samples_table_GSE44617.csv,,o4-mini-2025-04-16,No | evidence: Dataset contains only cell line samples (A549) with experimental conditions; no survival status or time variables. | justification: No patient-specific clinical survival data are present.,"No | stage i evidence: None—no patient stage information provided. | act evidence: None—no chemotherapy annotation provided. | justification: Dataset comprises in vitro cell line experiments, not clinical patient data.",meets survival criterion: No | meets stage or act criterion: No | justification: Lacks both required survival variables and clinical stage or adjuvant chemotherapy annotation.,No,False
samples_table_GSE136934.csv,,o4-mini-2025-04-16,"No | evidence: Dataset contains only cell‐line sample annotations (A549, treatment, time) and no survival status or time fields. | justification: This is an in vitro study of NSCLC cell lines; no patient‐level survival data are present.",No | stage i evidence: None – no clinical stage information. | act evidence: None – no adjuvant chemotherapy annotation. | justification: No patient cohort data to assess stage distribution or treatment annotation.,meets survival criterion: No | meets stage or act criterion: No | justification: Lacks both patient‐specific survival variables and any stage I or adjuvant chemotherapy information; does not meet inclusion criteria.,No,False
samples_table_GSE16025.csv,,o4-mini-2025-04-16,Yes | evidence: Columns GPL5106_Death (death status) and GPL5106_Survival_time (survival duration) | justification: Patient‐level overall survival status and time variables are present for most samples,Yes | stage i evidence: 42/71 samples (~59%) are Stage I (Ia/Ib) | act evidence: None | justification: Majority of patients are Stage I; no adjuvant chemotherapy annotation provided,meets survival criterion: Yes | meets stage or act criterion: Yes | justification: Dataset includes patient‐specific survival status/time and >50% Stage I cases,Yes,True
samples_table_GSE131518.csv,,o4-mini-2025-04-16,No | evidence: Dataset contains only A549 lung cancer cell line samples; no patient survival status or time variables provided. | justification: Study is based on cell line experiments and does not include any clinical survival data.,No | stage i evidence: Not applicable – no patient stage information. | act evidence: Not applicable – no adjuvant chemotherapy annotation. | justification: Only cell line samples are present; no clinical staging or treatment annotations.,meets survival criterion: No | meets stage or act criterion: No | justification: Lacks patient-specific survival data and clinical stage or ACT information; does not meet any inclusion criteria.,No,False
samples_table_GSE179212.csv,,o4-mini-2025-04-16,"No | evidence: The dataset lists only cell‐line samples (e.g., NCI-H23 replicates), with no patient survival status or time variables. | justification: This is an in vitro cell‐line expression dataset lacking any patient survival data.","No | stage i evidence: No clinical stage information is provided—samples are cell lines. | act evidence: No adjuvant chemotherapy annotation is present in the sample metadata. | justification: All samples derive from KRASG12C cell lines, not from patient tumors with stage or treatment annotations.","meets survival criterion: No | meets stage or act criterion: No | justification: The dataset contains no patient‐level clinical data (survival, stage, or adjuvant therapy) but only cell‐line replicates.",No,False
samples_table_GSE16597.csv,,o4-mini-2025-04-16,"No | evidence: Columns include gender, age, stage, sample; no survival status or time variables present. | justification: No patient-specific survival status or time variables are provided.",Yes | stage i evidence: 19 of 36 patients (52.8%) are Stage I (IA or IB). | act evidence: None; no adjuvant chemotherapy annotations provided. | justification: Over 50% of patients are Stage I.,meets survival criterion: No | meets stage or act criterion: Yes | justification: Dataset lacks required survival data despite meeting the Stage I proportion criterion.,No,False
samples_table_GSE72788.csv,,o4-mini-2025-04-16,"No | evidence: Table columns: GPL6244_Group, GSM IDs, Title, Source name, Cell line, Treatment, Sample type | justification: Dataset contains only cell line identifiers and treatment labels; no patient survival status or time variables are present.",No | stage i evidence: Not applicable – no patient stages reported | act evidence: Not applicable – no adjuvant chemotherapy annotations | justification: This is an in vitro cell line study without any clinical stage or treatment metadata.,meets survival criterion: No | meets stage or act criterion: No | justification: Fails both required criteria: lacks patient-specific survival data and lacks >50% stage I or ACT annotation.,No,False
samples_table_GSE55860.csv,,o4-mini-2025-04-16,No | evidence: Dataset consists of H460 cell line samples with TRAIL sensitivity/resistance labels; no patient survival time or status variables. | justification: This is an in vitro cell line study without any clinical survival data.,No | stage i evidence: Not applicable – no patient stage information. | act evidence: Not applicable – no adjuvant chemotherapy annotation. | justification: Cell line series lacks any patient-level staging or treatment annotations.,meets survival criterion: No | meets stage or act criterion: No | justification: Does not provide required survival variables or patient stage/ACT data; not eligible per inclusion criteria.,No,False
samples_table_GSE52712.csv,,o4-mini-2025-04-16,"No | evidence: Metadata lists only GPL570 sample accessions, cell lines (MCF7, MCF10A), and sample types without any survival time or status variables. | justification: This dataset contains only amplified cDNA from cell lines and single cells, with no patient-level survival information.","No | stage i evidence: No tumor stage annotations provided. | act evidence: No adjuvant chemotherapy or treatment annotations present. | justification: All samples are from cell lines or xenograft-derived CICs, lacking any clinical stage or treatment metadata.","meets survival criterion: No | meets stage or act criterion: No | justification: The dataset does not contain patient-specific survival data nor clinical stage or adjuvant chemotherapy information, failing both inclusion criteria.",No,False
samples_table_GSE166750.csv,,o4-mini-2025-04-16,"No | evidence: Dataset describes A549 cell line experiments without any patient survival time or status variables. | justification: This is an in vitro study on cell lines, not patient data.",No | stage i evidence: None – no patient staging information provided. | act evidence: None – no adjuvant chemotherapy annotation present. | justification: No clinical patient data or annotations are available.,meets survival criterion: No | meets stage or act criterion: No | justification: The dataset consists entirely of cell line experiments with no patient-level clinical or survival information and no staging or ACT annotations.,No,False
samples_table_GSE44077.csv,,o4-mini-2025-04-16,"No | evidence: No patient‐level survival status or time variables (e.g., OS, PFS) in sample metadata | justification: Metadata lists only tissue type, source, and airway distance; no survival endpoints",Unclear | stage i evidence: No explicit staging information provided | act evidence: No adjuvant chemotherapy annotation | justification: Dataset description mentions ‘early stage’ but stage breakdown not given; no ACT labels,meets survival criterion: No | meets stage or act criterion: Unclear | justification: Lacks survival variables and stage/ACT details needed for inclusion criteria,No,False
samples_table_GSE27705.csv,,o4-mini-2025-04-16,Yes | evidence: Columns ‘GPL11432_Characteristics 1’ contain ‘survival (months): X’ and ‘GPL11432_Dead (Ch1)’ indicates death status (0/1). | justification: Patient-level overall survival time and event status are provided.,"No | stage i evidence: Samples are labeled ‘early’ vs ‘late’ but no explicit Stage I; only 10/20 (50%) are ‘early’, not >50%. | act evidence: No column or annotation for adjuvant chemotherapy. | justification: Neither a majority of explicitly Stage I patients nor ACT annotation is present.","meets survival criterion: Yes | meets stage or act criterion: No | justification: Survival variables are available, but the dataset lacks >50% explicit Stage I cases or any adjuvant chemotherapy data.",No,False
samples_table_GSE131027.csv,,o4-mini-2025-04-16,"No | evidence: No columns for overall or progression-free survival status/time in the sample table | justification: The dataset only lists sample IDs, cancer types, mutated genes, and HRD/PARP predictions; no survival variables are provided.",No | stage i evidence: None – no stage annotations provided | act evidence: None – no adjuvant chemotherapy annotations provided | justification: The dataset describes advanced solid tumors across multiple cancer types without stage or treatment details.,meets survival criterion: No | meets stage or act criterion: No | justification: Fails both required criteria: no patient-level survival data and no stage I or ACT information.,No,False
samples_table_GSE42375.csv,,o4-mini-2025-04-16,"No | evidence: Dataset consists of A549 cell line ChIP-seq experiments; no patient survival status or time variables provided. | justification: This is an in vitro cell line study with chromatin profiling, not a clinical cohort with survival data.",No | stage i evidence: None—no patient staging information present. | act evidence: None—no adjuvant chemotherapy annotation. | justification: No clinical patient data are included; study is on A549 cell cultures.,meets survival criterion: No | meets stage or act criterion: No | justification: Fails both criteria: no patient‐specific survival data and no stage I or ACT annotation.,No,False
samples_table_GSE75308.csv,,o4-mini-2025-04-16,No | evidence: No patient-specific survival status or time variables present; dataset is gene expression in NSCLC cell lines. | justification: This is a preclinical cell line study with no overall or progression‐free survival data.,No | justification: No staging information or adjuvant chemotherapy annotation provided; study involves only PC9 cell lines.,meets survival criterion: No | meets stage or act criterion: No | justification: Does not meet survival data requirement and lacks stage I or ACT annotations; thus fails all inclusion criteria.,No,False
samples_table_GSE66604.csv,,o4-mini-2025-04-16,"No | evidence: No patient-specific survival status or time variables mentioned; study uses cell lines (EBC1, EBC1-R). | justification: Dataset is an in vitro cell line experiment, not clinical patient data, so no survival variables are present.",No | justification: No patient staging data or adjuvant chemotherapy annotation; dataset comprises NSCLC cell lines only.,meets survival criterion: No | meets stage or act criterion: No | justification: Fails both survival data and stage I/ACT criteria: it is an in vitro cell line study without patient variables or clinical annotations.,No,False
samples_table_GSE86928.csv,,o4-mini-2025-04-16,No | evidence: Dataset consists of A549 cell line samples; no patient survival status or time variables provided | justification: This is an in vitro cell‐line experiment without any clinical survival endpoints,"No | stage i evidence: Not applicable—no patient stage information | act evidence: Not applicable—no adjuvant chemotherapy annotation | justification: Study involves only treated cell lines, no patient clinical data",meets survival criterion: No | meets stage or act criterion: No | justification: Lacks both patient‐specific survival variables and stage I/ACT annotations,No,False
samples_table_GSE93300.csv,,o4-mini-2025-04-16,"No | evidence: Dataset has no columns for survival status or time (e.g., OS, PFS). | justification: Only clinical stage, EGFR status, age, gender, etc. are provided; no survival variables.",No | stage i evidence: All NSCLC patients are stage IIIB or IV; none are stage I. | act evidence: No adjuvant chemotherapy annotation present. | justification: Does not meet ≥50% stage I requirement and lacks ACT data.,meets survival criterion: No | meets stage or act criterion: No | justification: Fails to provide survival variables and does not satisfy stage I or ACT criteria.,No,False
samples_table_GSE66606.csv,,o4-mini-2025-04-16,No | evidence: Study describes Calu-6 cell line transfections; no patient-level survival status or time variables are reported. | justification: This is an in vitro cell line experiment with no patient survival data.,"No | stage i evidence: Not applicable – no patient cohort or staging information. | act evidence: Not applicable – no adjuvant chemotherapy annotations. | justification: The dataset involves cell line transfection, not patient samples; staging and treatment annotation are absent.",meets survival criterion: No | meets stage or act criterion: No | justification: Fails both criteria: lacks patient‐specific survival variables and has no stage I patient proportion or ACT annotation.,No,False
samples_table_GSE123031.csv,,o4-mini-2025-04-16,No | evidence: Dataset contains only cell line experiments with treatment conditions; no patient survival variables | justification: No patient-specific survival time or status variables present,"No | stage i evidence: Not applicable | act evidence: Not applicable | justification: No clinical patient data, staging, or adjuvant chemotherapy annotations",meets survival criterion: No | meets stage or act criterion: No | justification: Dataset lacks both survival data and clinical stage or ACT annotations as required,No,False
samples_table_GSE119144.csv,,o4-mini-2025-04-16,No | evidence: Dataset table lists only genomic DNA sample IDs and source names; no survival status or time variables provided. | justification: No patient-specific survival status or time variables are present.,No | stage i evidence: None reported | act evidence: None reported | justification: No annotation of tumor stage or adjuvant chemotherapy status in the sample metadata.,"meets survival criterion: No | meets stage or act criterion: No | justification: The dataset lacks both survival outcomes and stage I or ACT annotations, failing all inclusion criteria.",No,False
samples_table_GSE84720.csv,,o4-mini-2025-04-16,No | evidence: No patient-specific variables for survival status or time (OS/PFS/RFS) are provided in the dataset. | justification: This dataset describes in vitro DC culture with cancer or healthy serum but does not include survival endpoints.,"No | stage i evidence: Patients are described as “late stage” NSCLC, not stage I. | act evidence: No annotation of adjuvant chemotherapy is provided. | justification: Neither >50% stage I patients nor ACT annotation is present.",meets survival criterion: No | meets stage or act criterion: No | justification: The dataset lacks both required survival variables and the stage I/ACT criteria.,No,False
samples_table_GSE30291.csv,,o4-mini-2025-04-16,"No | evidence: No columns for overall or progression‐free survival time/status in the provided metadata (only cell line attributes like age, tissue, ploidy, etc.). | justification: This dataset contains genomic profiles of cell lines, not patient‐level survival data.",No | stage i evidence: None (no patient stage annotations). | act evidence: None (no adjuvant chemotherapy labels). | justification: These are cancer cell lines with no clinical stage or adjuvant treatment information.,meets survival criterion: No | meets stage or act criterion: No | justification: Fails both required criteria: no survival variables and no Stage I or ACT annotations.,No,False
samples_table_GSE37058.csv,,o4-mini-2025-04-16,No | evidence: Dataset derived from primary bronchial epithelial cells in vitro; no patient follow‐up or survival variables provided. | justification: No overall or progression‐free survival time/status data available.,"No | stage i evidence: Not applicable—cells not from NSCLC tumors or staged patients. | act evidence: No adjuvant chemotherapy annotation present. | justification: Study uses airway epithelial cells from never smokers, not clinical NSCLC patient data.",meets survival criterion: No | meets stage or act criterion: No | justification: Lacks both patient survival variables and stage or ACT annotations; not a clinical NSCLC cohort.,No,False
samples_table_GSE43493.csv,,o4-mini-2025-04-16,No | evidence: Dataset describes A549 cell line and its cisplatin‐resistant derivative; no patient survival status or time variables are present. | justification: This is an in vitro cell line expression dataset without any patient-specific survival data.,"No | stage i evidence: Not applicable – no patient staging information provided. | act evidence: Not applicable – no adjuvant chemotherapy annotation for patients. | justification: The dataset is derived from cell lines, not clinical patient samples, so stage or ACT criteria cannot be assessed.",meets survival criterion: No | meets stage or act criterion: No | justification: Lacks both patient survival variables and clinical annotations for stage I or adjuvant chemotherapy; does not meet inclusion criteria.,No,False
samples_table_GSE51722.csv,,o4-mini-2025-04-16,"No | evidence: The dataset metadata lists xenograft samples in SCID mice (e.g., GSM1251243–GSM1251258) with no columns for survival status or time. | justification: No patient-specific survival status or time variables are provided; all samples are from mouse xenograft experiments.","No | stage i evidence: None – samples derive from cell line xenografts, not human patients with staging. | act evidence: None – no adjuvant chemotherapy annotation provided. | justification: No human patient stage or treatment information is available in the dataset.","meets survival criterion: No | meets stage or act criterion: No | justification: The dataset lacks any survival data and contains no human Stage I or ACT annotations, so it fails both inclusion criteria.",No,False
samples_table_GSE31798.csv,,o4-mini-2025-04-16,"No | evidence: No survival time/status columns (e.g., OS, PFS) in sample annotations | justification: Only CGH copy number and histology information provided",No | stage i evidence: None | act evidence: None | justification: No staging or adjuvant chemotherapy annotation reported,meets survival criterion: No | meets stage or act criterion: No | justification: Dataset lacks patient‐level survival data and staging/ACT annotation,No,False
samples_table_GSE64766.csv,,o4-mini-2025-04-16,"No | evidence: No variables for OS, PFS or survival time/status are listed in the sample annotations. | justification: Dataset comprises cell line identifiers, mutation status, resistance mechanism, but lacks any survival time or status fields.","No | stage i evidence: No staging information provided (no stage I, II, III, or IV annotations). | act evidence: No adjuvant chemotherapy annotation present. | justification: The dataset describes NSCLC and SCLC samples and cell lines without clinical stage or treatment details.",meets survival criterion: No | meets stage or act criterion: No | justification: Fails to meet survival data requirement and lacks both majority stage I composition and ACT annotation.,No,False
samples_table_GSE42979.csv,,o4-mini-2025-04-16,"No | evidence: Dataset consists of NSCLC cell lines (A549) with molecular perturbations; no patient survival status or time variables. | justification: No patient-specific survival data (OS, PFS, RFS) are provided; study is in vitro cell line–based.","No | justification: No clinical stage annotations or adjuvant chemotherapy information; samples are cell lines, not patient tumors.",meets survival criterion: No | meets stage or act criterion: No | justification: Fails both inclusion criteria: lacks patient survival data and lacks stage I or ACT annotations.,No,False
samples_table_GSE37699.csv,,o4-mini-2025-04-16,"No | evidence: Table lists only cell‐line replicates (e.g., NCI‐H1975 parental and resistant) with no OS/PFS status or time variables. | justification: This is an in vitro cell‐line dataset without patient‐level survival data.",No | justification: No clinical stage annotations or adjuvant chemotherapy information provided; only cell‐line experiment metadata are present.,"meets survival criterion: No | meets stage or act criterion: No | justification: Dataset lacks both patient‐specific survival variables and clinical stage or ACT annotations, so it fails all inclusion criteria.",No,False
samples_table_GSE147029.csv,,o4-mini-2025-04-16,"No | evidence: Variables: GPL27938_Group, Accession, Title, Source name, Cell line, Cell type | justification: Dataset comprises NSCLC cell line samples with no patient survival time or status variables.",No | stage i evidence: None—only cell lines listed | act evidence: None—no chemotherapy annotation | justification: No patient stage information or adjuvant chemotherapy annotation present.,meets survival criterion: No | meets stage or act criterion: No | justification: This is an in vitro cell line study lacking patient-specific survival and staging data required for inclusion.,No,False
samples_table_GSE242843.csv,,o4-mini-2025-04-16,No | evidence: Metadata lists only cell line samples with treatment conditions; no survival time or status variables present. | justification: This is an in vitro cell line dataset without any patient‐specific survival data.,No | stage i evidence: No patient stage information provided. | act evidence: No adjuvant chemotherapy annotation present. | justification: Dataset contains only cell lines and lacks any clinical staging or ACT variables.,meets survival criterion: No | meets stage or act criterion: No | justification: Fails to provide both required survival data and clinical stage/ACT annotation; not applicable for patient‐level NSCLC meta‐analysis.,No,False
samples_table_GSE160482.csv,,o4-mini-2025-04-16,"No | evidence: Dataset consists of cell line expression experiments (cell line, construct, treatment, time) with no survival status or time columns | justification: No patient‐level survival data provided",No | justification: No clinical staging information or adjuvant chemotherapy annotation present,meets survival criterion: No | meets stage or act criterion: No | justification: This is an in vitro SCLC cell line study lacking required patient survival and staging/ACT data,No,False
samples_table_GSE196499.csv,,o4-mini-2025-04-16,No | evidence: Dataset consists of gene expression profiles from A549 cell lines treated with siRNA; no patient survival variables provided. | justification: Only cell line data are presented; no survival time or status fields.,"No | stage i evidence: Not applicable | act evidence: Not applicable | justification: Dataset is derived from cell lines, not clinical patient samples with staging or treatment annotations.",meets survival criterion: No | meets stage or act criterion: No | justification: The dataset lacks both patient-specific survival information and clinical staging or adjuvant chemotherapy annotations.,No,False
samples_table_GSE67051.csv,,o4-mini-2025-04-16,"No | evidence: Dataset contains only cell line treatment replicates with agent annotations (DMSO, Erlotinib) and no patient survival status or time variables. | justification: This is an in vitro experiment on NSCLC cell lines without any patient-level survival data.",No | justification: No clinical staging or adjuvant chemotherapy annotations are provided; only cell line and treatment conditions are described.,"meets survival criterion: No | meets stage or act criterion: No | justification: The dataset lacks both patient-specific survival data and clinical stage or adjuvant chemotherapy information, so it does not meet inclusion criteria.",No,False
samples_table_GSE101929.csv,,o4-mini-2025-04-16,"Yes | evidence: GPL570_Characteristics column includes 'survival (days):', 'survival (months):', and 'death due to lung cancer' for each patient | justification: Patient-level survival time and status (dead/alive) are explicitly provided","Yes | stage i evidence: 36 of 66 samples (~55%) are annotated as Stage I in the GPL570_Stage column | act evidence: None | justification: More than 50% of samples are Stage I, satisfying the stage I criterion",meets survival criterion: Yes | meets stage or act criterion: Yes | justification: The dataset contains patient-specific survival time/status variables and a majority (>50%) of Stage I patients,Yes,True
samples_table_GSE137445.csv,,o4-mini-2025-04-16,No | evidence: Sample annotations only include tissue type (normal vs tumor); no OS/PFS survival status or time variables. | justification: No patient‐level survival data provided.,No | justification: No staging information or adjuvant chemotherapy annotations present.,meets survival criterion: No | meets stage or act criterion: No | justification: Dataset lacks both survival data and criteria for stage I majority or explicit ACT annotation.,No,False
samples_table_GSE137479.csv,,o4-mini-2025-04-16,No | evidence: Sample annotation lists only cell line IDs and genotypes; no survival time or status variables. | justification: This is an in vitro A549 cell line expression dataset with no patient-specific survival data.,No | justification: Dataset contains only cultured A549 cell line samples without any clinical staging or adjuvant chemotherapy annotation.,meets survival criterion: No | meets stage or act criterion: No | justification: Does not contain patient survival variables nor any clinical stage I or adjuvant chemotherapy information.,No,False
samples_table_GSE112376.csv,,o4-mini-2025-04-16,No | evidence: No patient‐level survival status or time variables; only cell line treatment replicates. | justification: Dataset comprises in vitro A549 cell line experiments without OS/PFS data.,No | stage i evidence: Not applicable—no patient cohort. | act evidence: Not applicable—no adjuvant chemotherapy annotation. | justification: No clinical staging or ACT data present; only cell line treatments.,meets survival criterion: No | meets stage or act criterion: No | justification: Lacks both patient survival variables and clinical stage/ACT information; does not meet inclusion criteria.,No,False
samples_table_GSE94536.csv,,o4-mini-2025-04-16,"No | evidence: No variables for overall survival, progression-free survival, or recurrence-free survival are present in the sample annotation. | justification: The dataset lists clinical stage and ALK status but does not include any survival status or time variables.",No | stage i evidence: Clinical stages reported are IIIB and IV; no Stage I patients. | act evidence: No adjuvant chemotherapy annotation provided. | justification: Neither >50% Stage I composition nor ACT annotations are present.,meets survival criterion: No | meets stage or act criterion: No | justification: The dataset lacks patient-level survival time/status variables and does not meet the stage I or ACT annotation inclusion criteria.,No,False
samples_table_GSE71587.csv,,o4-mini-2025-04-16,"No | evidence: No columns for survival time or status; only cell line identifiers and phenotypes. | justification: Dataset contains gene expression data from NSCLC cell lines, not patient-level survival data.",No | stage i evidence: N/A | act evidence: N/A | justification: No patient staging or adjuvant chemotherapy annotation present.,meets survival criterion: No | meets stage or act criterion: No | justification: Dataset lacks both patient-specific survival variables and stage I or ACT information.,No,False
samples_table_GSE60887.csv,,o4-mini-2025-04-16,No | evidence: No columns for overall or progression‐free survival status/time; dataset is cell line gene expression replicates. | justification: This is an in vitro A549 cell line study without any patient survival variables.,"No | stage i evidence: Not applicable—no patient staging data present. | act evidence: No annotation of adjuvant chemotherapy for patient samples. | justification: Dataset describes treated cell lines, not clinical patient cohorts; thus neither stage I proportion nor ACT annotation is available.",meets survival criterion: No | meets stage or act criterion: No | justification: Lacks patient‐level survival data and clinical annotations (stage or ACT); not relevant for NSCLC patient meta‐analysis.,No,False
samples_table_GSE7878.csv,,o4-mini-2025-04-16,"No | evidence: Dataset columns include Gender, Age, Tissue, Histology, Stage; no overall or progression-free survival status or time variables are present | justification: No patient-level survival status or time variables provided",Yes | stage i evidence: Stage data shows 23/32 (≈72%) samples are T1N0 or T2N0 (Stage I) | act evidence: No explicit adjuvant chemotherapy annotation present | justification: Majority (>50%) of samples are Stage I NSCLC,meets survival criterion: No | meets stage or act criterion: Yes | justification: Dataset lacks survival variables but meets the Stage I composition criterion,No,False
samples_table_GSE188665.csv,,o4-mini-2025-04-16,No | evidence: No fields for survival status or time in sample annotations or study description. | justification: The dataset is focused on histologic phenotypes and transcriptomic/genomic profiling without any survival variables.,No | stage i evidence: No stage information provided. | act evidence: No annotation of adjuvant chemotherapy. | justification: The study describes histologic subtypes only; staging and treatment details are absent.,meets survival criterion: No | meets stage or act criterion: No | justification: Fails to provide patient‐specific survival data and lacks stage I or adjuvant chemotherapy annotations.,No,False
samples_table_GSE31799.csv,,o4-mini-2025-04-16,"No | evidence: Dataset headers list only sample IDs, tissue, subtype; no OS/PFS/RFS time or status fields | justification: No patient-specific survival variables provided",No | stage i evidence: Not reported | act evidence: Not reported | justification: No information on tumor stage or adjuvant chemotherapy annotation,meets survival criterion: No | meets stage or act criterion: No | justification: Fails both survival data criterion and stage I/ACT criterion,No,False
samples_table_GSE49422.csv,,o4-mini-2025-04-16,"No | evidence: No fields for overall/progression-free survival time or status; dataset is in vitro cell line expression only. | justification: This dataset comprises gene expression from H1299 cell lines, not patient survival data.",No | stage i evidence: N/A | act evidence: N/A | justification: No patient staging or treatment annotations; data are from cell lines.,meets survival criterion: No | meets stage or act criterion: No | justification: Lacks patient-specific survival variables and does not report stage I or adjuvant chemotherapy data.,No,False
samples_table_GSE29249.csv,,o4-mini-2025-04-16,"No | evidence: Columns include only gender, disease state, NSCLC type, tissue, and TNM staging; no survival time or status variables present. | justification: No patient‐specific overall or progression‐free survival time/status variables are provided.","No | stage i evidence: TNM entries (e.g., /4/1/0/, /4/2/0/, /2/3/0/) correspond to stages III–IIIB; no Stage I cases. | act evidence: No adjuvant chemotherapy annotation present. | justification: Neither >50% Stage I patients nor any ACT annotation are available.",meets survival criterion: No | meets stage or act criterion: No | justification: The dataset lacks required survival data and does not meet the Stage I or ACT criteria.,No,False
samples_table_GSE101862.csv,,o4-mini-2025-04-16,"No | evidence: Sample annotation lists xenograft replicates (e.g., GSM2717333–GSM2717341) with treatment labels but no survival status or time variables. | justification: This is a preclinical xenograft dataset in mice, not patient‐level survival data.",No | stage i evidence: None | act evidence: None | justification: No information on clinical stage I patients or adjuvant chemotherapy annotations is provided.,"meets survival criterion: No | meets stage or act criterion: No | justification: Dataset lacks patient survival variables and clinical staging/ACT annotations; it is a xenograft model, not a clinical cohort.",No,False
samples_table_GSE84040.csv,,o4-mini-2025-04-16,"No | evidence: Dataset contains only cell line identifiers (GSM2226181/2) with phenotype labels (mock-overexpressing, Slug-overexpressing) and no survival time or status fields. | justification: No patient-specific survival variables (OS, PFS, RFS) are present.",No | stage i evidence: None | act evidence: None | justification: No clinical stage information or adjuvant chemotherapy annotation provided; dataset is from lung cancer cell lines.,meets survival criterion: No | meets stage or act criterion: No | justification: Fails both required criteria: lacks survival data and clinical annotations (stage I or ACT).,No,False
samples_table_GSE101863.csv,,o4-mini-2025-04-16,No | evidence: No variables for overall or progression-free survival status/time; only cell-line treatment and time points. | justification: This is an in vitro cell-line study without patient survival data.,"No | stage i evidence: No staging information reported. | act evidence: No adjuvant chemotherapy annotation. | justification: Dataset describes HBEC cell treatments, not clinical patient data.",meets survival criterion: No | meets stage or act criterion: No | justification: Lacks both patient-specific survival variables and clinical stage/ACT annotation; it is a cell line experiment.,No,False
samples_table_GSE129692.csv,,o4-mini-2025-04-16,"No | evidence: Dataset tables list cell line identifiers, tissue type, chemotherapy drug, and resistance phenotype; no survival time/status variables. | justification: The provided variables describe in vitro cell line phenotypes and treatment but do not include any patient-specific survival time or status fields.",No | stage i evidence: None—no patient staging information provided. | act evidence: None—no adjuvant chemotherapy annotation; only in vitro cisplatin resistance/sensitivity. | justification: The dataset comprises cell line experiments without any clinical stage I patient proportions or adjuvant chemotherapy labels.,meets survival criterion: No | meets stage or act criterion: No | justification: Fails both criteria: lacks patient survival data and has no clinical stage I or ACT annotation.,No,False
samples_table_GSE40407.csv,,o4-mini-2025-04-16,"No | evidence: Dataset columns: sample metadata (time point, tissue, location) but no overall/progression-free survival status or time fields | justification: Only bronchial brushing time‐points are provided, not patient survival outcomes",No | stage i evidence: No staging information provided for individual patients | act evidence: No adjuvant chemotherapy annotation present | justification: Lacks both explicit stage I breakdown (>50%) and ACT annotation,meets survival criterion: No | meets stage or act criterion: No | justification: Does not meet survival data requirement nor stage I/ACT composition requirement,No,False
samples_table_GSE23361.csv,,o4-mini-2025-04-16,"No | evidence: Metadata lists only sample IDs, disease state (Lung cancer vs. Control), no OS/PFS status or time variables. | justification: No patient-specific survival status or time variables are present in the provided dataset.",No | stage i evidence: None—samples annotated only as 'Lung Cancer' (metastatic) or control. | act evidence: None—no adjuvant chemotherapy annotation provided. | justification: No indication of Stage I composition and no ACT annotation in the dataset.,"meets survival criterion: No | meets stage or act criterion: No | justification: The dataset lacks both required survival data and any Stage I or adjuvant chemotherapy annotations, failing all inclusion criteria.",No,False
samples_table_GSE228049.csv,,o4-mini-2025-04-16,"No | evidence: Dataset contains only cell line identifiers (H1975, H1975OR) with treatment conditions; no patient survival time or status variables. | justification: This is an in vitro cell line study without any patient-specific survival annotations.",No | stage i evidence: None – no patient stage information provided. | act evidence: None – no adjuvant chemotherapy annotation present. | justification: Study involves cell lines only; no clinical staging or adjuvant chemotherapy data.,meets survival criterion: No | meets stage or act criterion: No | justification: Lacks patient survival variables and clinical stage I or ACT annotations. Does not meet any inclusion criteria.,No,False
samples_table_GSE103512.csv,,o4-mini-2025-04-16,No | evidence: No columns for overall or progression‐free survival status/time | justification: Dataset contains clinical/tumor staging but no patient‐level survival variables,"Yes | stage i evidence: Among ~60 NSCLC tumor samples (excluding normals), >35 are stage I (IA/IB), exceeding 50% | act evidence: No adjuvant chemotherapy annotation present | justification: Dataset meets stage I composition criterion","meets survival criterion: No | meets stage or act criterion: Yes | justification: Although staging criterion is met (>50% stage I), absence of any survival time/status variables precludes inclusion",No,False
samples_table_GSE116679.csv,,o4-mini-2025-04-16,No | evidence: Sample annotations list only CAF cell lines and no columns for overall or progression‐free survival status/time. | justification: No patient‐specific survival status or time variables are provided.,Unclear | stage i evidence: No stage information is provided in the sample metadata. | act evidence: No adjuvant chemotherapy annotation is present. | justification: Neither stage distribution nor ACT labels are available for these samples.,"meets survival criterion: No | meets stage or act criterion: No | justification: The dataset comprises CAF cell line expression profiles without any patient survival data or stage/ACT annotations, failing both inclusion criteria.",No,False
samples_table_GSE29250.csv,,o4-mini-2025-04-16,No | evidence: No variables for overall or progression-free survival status/time; only TNM and tissue annotations | justification: Dataset lacks any survival time or status fields,No | stage i evidence: All tumor entries are T2–T4 with N0–N3 (no T1N0M0 cases) | act evidence: No adjuvant chemotherapy annotation present | justification: Does not have >50% Stage I patients nor ACT annotations,meets survival criterion: No | meets stage or act criterion: No | justification: Absence of patient‐level survival data and lack of Stage I/ACT criteria,No,False
samples_table_GSE28827.csv,,o4-mini-2025-04-16,No | evidence: Summary explicitly states no clinical follow-up; no survival status/time variables are listed | justification: Patient-specific survival status and time variables are not provided,No | stage i evidence: No staging information reported | act evidence: No explicit adjuvant chemotherapy annotation | justification: Neither stage I composition nor ACT annotation is available,meets survival criterion: No | meets stage or act criterion: No | justification: Dataset lacks both required survival variables and stage I/ACT data,No,False
samples_table_GSE54495.csv,,o4-mini-2025-04-16,"No | evidence: Dataset columns include GPL570_Group, Accession, Title, Source name, Subject id, Age, Gender, Case, Cell type; no survival status or time variables. | justification: There are no patient-specific survival time or status fields (e.g., OS, PFS).",No | stage i evidence: No stage annotation provided. | act evidence: No adjuvant chemotherapy annotation present. | justification: The dataset lacks both stage information and any adjuvant chemotherapy labels.,meets survival criterion: No | meets stage or act criterion: No | justification: Does not contain required survival variables and lacks stage I or ACT annotations.,No,False
samples_table_GSE43458.csv,,o4-mini-2025-04-16,"No | evidence: Metadata columns: GPL6244_Title, Source name, Tissue, Histology, Smoking status – no survival time or status fields | justification: No patient-specific variables for overall or progression-free survival time or status are provided",No | stage i evidence: Not reported | act evidence: Not reported | justification: No information on tumor stage or adjuvant chemotherapy annotation,meets survival criterion: No | meets stage or act criterion: No | justification: Dataset lacks both survival data and stage I/ACT information required by inclusion criteria,No,False
samples_table_GSE53893.csv,,o4-mini-2025-04-16,"No | evidence: Dataset consists of H1299 cell‐line expression under hypoxia/normoxia; no OS, PFS or survival status columns. | justification: This is a cell‐line transcriptional profiling experiment, not a patient cohort with survival time/status.","No | stage i evidence: Not applicable (cell lines, no stage information). | act evidence: Not applicable (no chemotherapy annotation). | justification: No clinical staging or adjuvant chemotherapy data available—only cell line experiment metadata.",meets survival criterion: No | meets stage or act criterion: No | justification: Fails both criteria: lacks patient‐level survival data and any clinical staging or ACT annotation.,No,False
samples_table_GSE114694.csv,,o4-mini-2025-04-16,"No | evidence: Dataset describes A549 NSCLC cell line microarray experiments; no patient survival status or time variables provided. | justification: Data are from cell lines, not patient samples, thus no survival data.",No | stage i evidence: Not applicable—no patient cohort or staging information. | act evidence: Not applicable—no adjuvant chemotherapy annotations for patients. | justification: Dataset contains only cell-line experimental data.,meets survival criterion: No | meets stage or act criterion: No | justification: Lacks patient-level survival and staging or ACT information.,No,False
samples_table_GSE19434.csv,,o4-mini-2025-04-16,No | evidence: No survival time/status columns present in the sample annotation | justification: This dataset profiles normal tissues without any patient-specific survival information.,"No | justification: Samples are normal tissues, not NSCLC tumors, and contain no staging or adjuvant chemotherapy annotations.",meets survival criterion: No | meets stage or act criterion: No | justification: Dataset lacks both required survival data and NSCLC stage I or ACT information.,No,False
samples_table_GSE25326.csv,,o4-mini-2025-04-16,No | evidence: Only ‘time to recurrence or censorship (months)’ present; no corresponding survival status variable. | justification: Dataset appears to use pooled cell lines and provides a time-to-recurrence variable but lacks patient-specific event/status annotation.,"No | stage i evidence: No stage annotation provided. | act evidence: No adjuvant chemotherapy annotation present. | justification: Dataset contains histology and mutation data only, with no stage or ACT information.",meets survival criterion: No | meets stage or act criterion: No | justification: Fails to provide required patient-specific survival status/time and lacks stage I or ACT annotation.,No,False
samples_table_GSE51854.csv,,o4-mini-2025-04-16,"No | evidence: Dataset describes miRNA profiling of cell lines (SK-LC-7 transfections); no patient survival time or status fields. | justification: No patient-level OS, PFS, or RFS variables are provided.",No | stage i evidence: Not reported | act evidence: Not reported | justification: No information on patient stage distribution or adjuvant chemotherapy annotation.,meets survival criterion: No | meets stage or act criterion: No | justification: Fails to provide required survival variables and lacks stage I or ACT data.,No,False
samples_table_GSE81644.csv,,o4-mini-2025-04-16,"No | evidence: Dataset contains only NSCLC cell line treatments (e.g., H358, A549) with glutamine conditions and shRNA, no patient data fields. | justification: No patient-specific survival time or status variables are present.",No | stage i evidence: None – no clinical staging information. | act evidence: None – no adjuvant chemotherapy annotations. | justification: This is a cell line study with no patient cohort or treatment annotations.,meets survival criterion: No | meets stage or act criterion: No | justification: Fails both survival data and stage I/ACT criteria; contains only preclinical cell line experiments.,No,False
samples_table_GSE38404.csv,,o4-mini-2025-04-16,No | evidence: Dataset summary and table describe only NSCLC cell lines (PC9) with drug sensitivity/resistance; no OS/PFS status or time variables provided. | justification: No patient-level survival data are present.,No | stage i evidence: N/A | act evidence: N/A | justification: Dataset consists of cell line experiments; no clinical stage or adjuvant chemotherapy annotations.,meets survival criterion: No | meets stage or act criterion: No | justification: Fails survival data requirement and lacks any patient-stage or ACT information; not clinical cohort data.,No,False
samples_table_GSE108135.csv,,o4-mini-2025-04-16,"No | evidence: No columns for survival time or status (e.g., OS, PFS) in the sample annotations | justification: Dataset consists of in vitro cell line experiments without patient survival variables","No | stage i evidence: Not applicable—no patient staging data provided | act evidence: No adjuvant chemotherapy annotation present | justification: Samples are immortalized epithelial cell lines, not primary tumors with stage or treatment info",meets survival criterion: No | meets stage or act criterion: No | justification: Lacks required patient-specific survival data and does not meet stage I or ACT criteria,No,False
samples_table_GSE198446.csv,,o4-mini-2025-04-16,No | evidence: No columns for survival status or time—only cell line IDs and treatments. | justification: Dataset comprises cell line methylation profiles without patient survival variables.,No | justification: No patient staging or adjuvant chemotherapy annotation; only in vitro cell line treatments.,meets survival criterion: No | meets stage or act criterion: No | justification: Fails to provide any patient‐level survival data or meet stage I/ACT criteria.,No,False
samples_table_GSE50627.csv,,o4-mini-2025-04-16,"No | evidence: Study profiles isolated cancer stem cells from NSCLC cell lines (A549, NCI-H2170), not patient samples | justification: No patient-specific survival status or time variables present","No | stage i evidence: None—no patient staging information | act evidence: None—no adjuvant chemotherapy annotation | justification: Dataset involves cell lines, not clinical patient data",meets survival criterion: No | meets stage or act criterion: No | justification: Lacks both required survival and clinical stage/ACT information,No,False
samples_table_GSE99143.csv,,o4-mini-2025-04-16,"No | evidence: No columns for overall survival or progression‐free survival status/time present | justification: Dataset only lists sample IDs, plasma miRNA groupings, and TKI resistance status, with no survival variables",No | stage i evidence: No stage information provided | act evidence: No adjuvant chemotherapy annotation present | justification: The dataset focuses solely on EGFR‐TKI resistance status; stage and ACT data are absent,meets survival criterion: No | meets stage or act criterion: No | justification: Fails to provide patient‐level survival data and lacks both ≥50% stage I composition and ACT annotation,No,False
samples_table_GSE43459.csv,,o4-mini-2025-04-16,"No | evidence: Dataset contains only in vitro cell line transfection experiments with no patient-level survival variables. | justification: No overall survival, progression-free survival, or recurrence-free survival time/status fields are present.","No | stage i evidence: Not applicable—no clinical staging data present. | act evidence: Not applicable—no patient treatment or adjuvant chemotherapy annotation. | justification: Dataset comprises only lung cancer cell line experiments, not patient cohort data.",meets survival criterion: No | meets stage or act criterion: No | justification: Lacks both patient-specific survival data and any clinical stage or treatment annotations required for inclusion.,No,False
samples_table_GSE53882.csv,,o4-mini-2025-04-16,"No | evidence: Only a binary ‘Survival’ status field is provided; no survival time variable (e.g., overall or progression‐free survival time) is present. | justification: Inclusion requires both patient‐specific survival status and corresponding survival time, but only status is given.",No | stage i evidence: No staging information is provided in the sample annotations. | act evidence: No adjuvant chemotherapy annotation is present. | justification: Dataset lacks any data on patient stage distribution or explicit ACT status.,meets survival criterion: No | meets stage or act criterion: No | justification: Fails to provide required survival time data and lacks stage I majority or ACT annotation.,No,False
samples_table_GSE28571.csv,,o4-mini-2025-04-16,No | evidence: Only a categorical GPL570_Survival column with values 'short'/'long' | justification: No patient‐specific time‐to‐event or status variables are provided,No | stage i evidence: None | act evidence: None | justification: No stage annotation or explicit adjuvant chemotherapy information present,meets survival criterion: No | meets stage or act criterion: No | justification: Lacks detailed survival time/status variables and neither >50% stage I nor ACT annotation,No,False
samples_table_GSE29135.csv,,o4-mini-2025-04-16,"No | evidence: Sample annotations list patient id, stage, subtype, age, gender; no OS/RFS/PFS time or status variables. | justification: No survival time/status fields are provided in the dataset metadata.","Yes | stage i evidence: Title and summary specify 357 stage I NSCLC patients (100% stage I). | act evidence: None | justification: All patients are stage I, exceeding the 50% threshold.","meets survival criterion: No | meets stage or act criterion: Yes | justification: Although survival variables are absent, the dataset meets the stage I criterion (>50% stage I).",No,False
samples_table_GSE35911.csv,,o4-mini-2025-04-16,"No | evidence: Columns: GPL10558_Group, Accession, Title, Source name, Cell type, Cell line, Gender—no survival time or status variables | justification: This is an NSCLC cell-line methylome/transcriptome study, not a patient cohort with survival endpoints",No | stage i evidence: None—no clinical stage annotations | act evidence: None—no adjuvant chemotherapy information | justification: Cell-line dataset without clinical staging or treatment variables,meets survival criterion: No | meets stage or act criterion: No | justification: Fails both required criteria: lacks patient survival data and any stage I or ACT annotations,No,False
samples_table_GSE141479.csv,,o4-mini-2025-04-16,"No | evidence: No variables for overall or progression-free survival status/time in summary or in the provided sample table (columns: Group, Accession, Title, Source name, Diagnosis, Tissue, Cell type, Treatment, Individual). | justification: The dataset focuses on immune/metabolic biomarkers and treatment response, with no patient-level survival time or status fields.","No | stage i evidence: No stage information reported in summary or table. | act evidence: Treatment annotation indicates nivolumab immunotherapy, not adjuvant chemotherapy. | justification: Neither stage distribution nor explicit adjuvant chemotherapy annotation is provided.",meets survival criterion: No | meets stage or act criterion: No | justification: Dataset lacks patient-specific survival data and does not report >50% stage I patients or any adjuvant chemotherapy annotation.,No,False
samples_table_GSE19592.csv,,o4-mini-2025-04-16,"No | evidence: Study uses H460 NSCLC cell line expression data; no patient survival time or status variables. | justification: In vitro cell line experiment, not patient data.",No | stage i evidence: Not applicable – no patient staging information. | act evidence: Not applicable – no treatment annotations. | justification: Dataset contains no patient-level clinical or treatment data.,meets survival criterion: No | meets stage or act criterion: No | justification: Does not include any patient survival or staging/ACT information; criteria unmet.,No,False
samples_table_GSE101673.csv,,o4-mini-2025-04-16,No | evidence: Dataset contains methylation data from HBEC cell lines and mouse xenografts; no patient survival time or status variables. | justification: This is a preclinical study without any clinical survival endpoints.,"No | stage i evidence: No clinical stage information provided. | act evidence: No adjuvant chemotherapy annotation present. | justification: Dataset involves cell culture and animal xenografts, not patient cohorts.",meets survival criterion: No | meets stage or act criterion: No | justification: Fails to provide patient-specific survival data and clinical stage or ACT annotation; thus does not meet inclusion criteria.,No,False
samples_table_GSE201608.csv,,o4-mini-2025-04-16,"No | evidence: Dataset contains only cell line expression data; no patient survival variables. | justification: No OS, PFS, or related survival status/time fields present.",No | stage i evidence: No patient stage annotations; only cell line models reported. | act evidence: No adjuvant chemotherapy annotations. | justification: Dataset is preclinical cell lines without clinical staging or treatment data.,"meets survival criterion: No | meets stage or act criterion: No | justification: Dataset lacks patient-level clinical data including survival outcomes, staging, and treatment information.",No,False
samples_table_GSE31800.csv,,o4-mini-2025-04-16,No | justification: No patient‐level survival time or status variables are provided; only molecular profiling sample annotations are listed.,No | justification: No information on TNM stage or adjuvant chemotherapy annotation is present.,meets survival criterion: No | meets stage or act criterion: No | justification: Lacks both survival outcomes and staging/chemotherapy details required by inclusion criteria.,No,False
samples_table_GSE36821.csv,,o4-mini-2025-04-16,"No | evidence: Dataset consists of gene expression profiles from NSCLC cell line side and main populations (A549, H1650, H460, H1975) with no patient survival time or status variables. | justification: No clinical survival data are provided; these are cell line samples.","No | stage i evidence: n/a | act evidence: n/a | justification: No information on patient stage or adjuvant chemotherapy, as the dataset uses cell lines not clinical samples.",meets survival criterion: No | meets stage or act criterion: No | justification: Does not include patient-level survival data or stage/ACT annotation; ineligible for inclusion.,No,False
samples_table_GSE3593.csv,,o4-mini-2025-04-16,"No | evidence: Only a binary STATUS variable (0=alive, 1=dead) is provided; no survival time variable is present. | justification: The inclusion criterion requires both survival status and survival time, and time-to-event data are missing.",Unclear | justification: No information on tumor stage or explicit adjuvant chemotherapy annotation is provided in the dataset.,meets survival criterion: No | meets stage or act criterion: Unclear | justification: The dataset lacks survival time data and does not clearly indicate stage I composition or adjuvant therapy annotation.,No,False
samples_table_GSE87026.csv,,o4-mini-2025-04-16,"No | evidence: No columns for survival time or status (e.g., OS_time, OS_status, PFS_time, PFS_status) in provided data. | justification: Dataset only contains expression sample metadata (subtype, disease) without any survival variables.",No | stage i evidence: No stage annotations provided. | act evidence: No adjuvant chemotherapy annotations provided. | justification: Dataset lacks both stage information and ACT status.,meets survival criterion: No | meets stage or act criterion: No | justification: Fails to provide any required survival or stage/ACT data.,No,False
samples_table_GSE75307.csv,,o4-mini-2025-04-16,No | evidence: No columns for overall survival or progression-free survival time/status | justification: Dataset represents NSCLC cell line experiments without patient survival data,No | stage i evidence: None | act evidence: No adjuvant chemotherapy annotation | justification: No patient staging or ACT information; data are from in vitro cell line experiments,meets survival criterion: No | meets stage or act criterion: No | justification: Fails both required criteria: no patient-level survival variables and no Stage I majority or ACT annotation,No,False
samples_table_GSE19034.csv,,o4-mini-2025-04-16,No | evidence: Sample annotations list DNA aCGH data and disease state only; no OS/RFS/PFS fields | justification: This is a DNA copy‐number dataset without patient survival time or status variables.,No | stage i evidence: No stage data provided in metadata | act evidence: No adjuvant chemotherapy annotation present | justification: Neither stage I composition nor ACT information is available.,meets survival criterion: No | meets stage or act criterion: No | justification: Dataset lacks required survival variables and does not meet stage I or ACT criteria.,No,False
samples_table_GSE38944.csv,,o4-mini-2025-04-16,No | evidence: Dataset describes microarray experiments on A549 and H1650 cell lines; no patient records or survival variables. | justification: This is an in vitro cell line study without any patient-specific survival status or time data.,"No | stage i evidence: N/A – no patient staging information available. | act evidence: N/A – no adjuvant chemotherapy annotation; study uses cell lines under treatment conditions (nicotine, EGF) not clinical ACT. | justification: The dataset is not patient-derived and lacks any staging or chemotherapy treatment annotation.",meets survival criterion: No | meets stage or act criterion: No | justification: Fails survival data requirement and stage I/ACT composition criteria due to being an in vitro cell line expression study.,No,False
samples_table_GSE155157.csv,,o4-mini-2025-04-16,No | evidence: No columns for survival status or time in the provided sample annotation (only cell line identifiers and phenotype). | justification: Dataset consists of cell line experiments without patient survival data.,"No | stage i evidence: Not applicable—no patient staging data provided. | act evidence: No adjuvant chemotherapy annotation present. | justification: This is an in vitro cell line study with gefitinib resistance phenotypes, not patient clinical data.",meets survival criterion: No | meets stage or act criterion: No | justification: Fails to provide patient‐level survival variables or any clinical staging/ACT annotation; not a clinical NSCLC cohort.,No,False
samples_table_GSE103891.csv,,o4-mini-2025-04-16,"No | evidence: No patient-level survival time or status variables are provided; dataset describes in vitro cell line expression. | justification: This is a cell line experiment (A549 cells), not a clinical cohort with survival outcomes.",No | stage i evidence: Not applicable – no patient staging information. | act evidence: Not applicable – no adjuvant chemotherapy annotations. | justification: Dataset contains only cell line samples without clinical stage or treatment data.,meets survival criterion: No | meets stage or act criterion: No | justification: The dataset lacks any patient survival variables and clinical stage or treatment annotations.,No,False
samples_table_GSE135304.csv,,o4-mini-2025-04-16,"No | evidence: No OS/PFS/RFS status or time fields in column headers (only Cancer stage, Post treatment days, etc.) | justification: The matrix contains clinical variables (stage, nodule class, demographics) but lacks any survival outcome variables.","Unclear | stage i evidence: There is a ‘Cancer stage’ column with values (e.g., 1,2,3,4) but the proportion of stage I patients is not summarized. | act evidence: No column explicitly annotates adjuvant chemotherapy. | justification: Without a summary of stage I frequency or an ACT flag, it is unclear if criteria are met.",meets survival criterion: No | meets stage or act criterion: Unclear | justification: Dataset lacks patient‐level survival data and it is not possible to confirm ≥50% stage I or ACT annotation.,No,False
samples_table_GSE20304.csv,,o4-mini-2025-04-16,"No | evidence: Columns list GPL/GSM identifiers, cell types, antibodies; no survival time or status variables. | justification: This is a ChIP-chip cell line dataset lacking any patient-level clinical follow-up data.",No | stage i evidence: Not applicable – no patient cohort present. | act evidence: Not applicable – no adjuvant chemotherapy annotation. | justification: Dataset consists of cell line experiments and contains no patient stage or treatment information.,"meets survival criterion: No | meets stage or act criterion: No | justification: The dataset fails to provide any survival variables and lacks patient stage or treatment data, thus meeting neither inclusion criterion.",No,False
samples_table_GSE67729.csv,,o4-mini-2025-04-16,No | evidence: All samples are A549 cell line replicates; no patient-level survival time or status variables provided. | justification: This is an in vitro cell line study without any clinical survival data.,No | justification: No patient staging or adjuvant chemotherapy annotation—only cell line treatment conditions are described.,meets survival criterion: No | meets stage or act criterion: No | justification: Dataset lacks both required survival variables and patient stage/ACT information.,No,False
samples_table_GSE45403.csv,,o4-mini-2025-04-16,"No | evidence: Data represent A549 and H1299 cell line treatments, no patient survival variables present. | justification: Dataset contains in vitro irradiation experiments on cell lines, not patient survival data.",No | stage i evidence: Not applicable – no patient staging data. | act evidence: Not applicable – no adjuvant chemotherapy annotation. | justification: Dataset is preclinical cell‐line study without any clinical stage or treatment annotation.,meets survival criterion: No | meets stage or act criterion: No | justification: Fails to provide any patient-level survival or clinical stage/chemotherapy data required for inclusion.,No,False
samples_table_GSE127462.csv,,o4-mini-2025-04-16,"No | evidence: No variables for survival status or time (e.g., OS, PFS) in the provided data. | justification: The dataset only lists sample IDs and tissue types without any survival information.",No | stage i evidence: No stage annotations present. | act evidence: No adjuvant chemotherapy annotations present. | justification: Dataset lacks both tumor stage and treatment annotation.,meets survival criterion: No | meets stage or act criterion: No | justification: Does not include required survival data or stage I/ACT information.,No,False
samples_table_GSE31625.csv,,o4-mini-2025-04-16,"No | evidence: Dataset fields: GPL96_Group, GPL96_Accession, Title, Source name, Cell type, Erlotinib sensitivity | justification: No patient-specific survival status or survival time variables are present","No | justification: Dataset comprises NSCLC cell lines, no patient stage or adjuvant chemotherapy annotation",meets survival criterion: No | meets stage or act criterion: No | justification: Does not contain any clinical survival data or stage/ACT information; cannot satisfy inclusion criteria,No,False
samples_table_GSE39279.csv,,o4-mini-2025-04-16,Yes | evidence: Columns ‘GPL13534_Recurrence’ and in-text ‘time_rec (years)’ | justification: Patient-level recurrence status and recurrence time are provided (RFS surrogate),Yes | stage i evidence: Majority of entries have ‘Stage’ = I | act evidence: Column ‘GPL13534_Adjuvant chemotherapy’ present per patient | justification: At least one criterion met: explicit adjuvant chemotherapy annotation and >50% stage I,meets survival criterion: Yes | meets stage or act criterion: Yes | justification: Contains patient-level recurrence status/time and explicit adjuvant chemotherapy data with a high proportion of stage I cases,Yes,True
samples_table_GSE51853.csv,,o4-mini-2025-04-16,"No | evidence: Dataset header only includes sample IDs, histology and tissue type; no survival time/status fields | justification: No overall or progression-free survival variables are present",No | stage i evidence: None – no TNM or stage annotations provided | act evidence: None – no adjuvant chemotherapy annotation present | justification: No information on patient stage or ACT status,meets survival criterion: No | meets stage or act criterion: No | justification: Fails to meet required survival variable criterion and lacks >50% stage I or ACT annotation,No,False
samples_table_GSE51852.csv,,o4-mini-2025-04-16,"No | evidence: Dataset metadata and summary do not report any OS, PFS, or RFS time/status variables. | justification: No patient-level survival time or status fields are provided.",No | stage i evidence: No staging information is included. | act evidence: No adjuvant chemotherapy annotations are present. | justification: Neither stage I proportion nor ACT annotation is available.,meets survival criterion: No | meets stage or act criterion: No | justification: Fails to provide required survival variables and lacks stage I or ACT details.,No,False
samples_table_GSE81642.csv,,o4-mini-2025-04-16,"No | evidence: Data consist solely of NSCLC cell line experiments (H460, A549, H358, H2009) with shRNA treatments; no patient survival variables provided. | justification: No patient-specific survival time or status fields (OS, PFS, RFS) are present.",No | stage i evidence: None—no patient stage information. | act evidence: None—no adjuvant chemotherapy annotation. | justification: Dataset is in vitro cell line data without any clinical staging or treatment annotations.,meets survival criterion: No | meets stage or act criterion: No | justification: Fails to provide any clinical survival variables or meet stage I/ACT composition criteria; thus does not satisfy inclusion requirements.,No,False
samples_table_GSE18842.csv,,o4-mini-2025-04-16,"No | evidence: Provided metadata contains only sample IDs, tissue type and tumor/control labels; no OS/RFS/PFS variables. | justification: There are no columns or annotations for survival time or status in the dataset.",No | stage i evidence: None (no stage information provided) | act evidence: None (no adjuvant chemotherapy annotation) | justification: Dataset lacks any stage classification or chemotherapy treatment labels.,meets survival criterion: No | meets stage or act criterion: No | justification: Fails to provide required survival data and stage I/ACT details.,No,False
samples_table_GSE166749.csv,,o4-mini-2025-04-16,"No | evidence: Dataset consists of A549 cell line replicates transfected with siRNA; no OS/PFS status or time variables present. | justification: Only in vitro cell line expression data is provided, with no patient follow-up information.",No | stage i evidence: None | act evidence: None | justification: No patient cohort data; lacks both stage I composition and adjuvant chemotherapy annotation.,meets survival criterion: No | meets stage or act criterion: No | justification: Dataset fails to provide any patient-level survival or staging/ACT information required by the inclusion criteria.,No,False
samples_table_GSE72197.csv,,o4-mini-2025-04-16,"No | evidence: No patient-specific survival time or status variables; only cell line phenotype data. | justification: Dataset profiles cell lines (PC-9, PC-9GR) without any OS/PFS/RFS information.",No | stage i evidence: None | act evidence: None | justification: No clinical staging or adjuvant chemotherapy annotations present; only cell line descriptions.,meets survival criterion: No | meets stage or act criterion: No | justification: Fails to meet survival data requirement and lacks stage I or ACT information.,No,False
samples_table_GSE189270.csv,,o4-mini-2025-04-16,No | evidence: Dataset contains cell line IDs and variant sensitivity annotations; no survival time or status variables provided. | justification: This is an in vitro cell line profiling dataset without patient-level survival data.,"No | stage i evidence: No stage information present. | act evidence: No adjuvant chemotherapy annotation present. | justification: Dataset describes cell lines sensitive or resistant to an inhibitor, not patient clinical staging or treatment.",meets survival criterion: No | meets stage or act criterion: No | justification: Lacks both required survival variables and stage I or ACT annotations.,No,False
samples_table_GSE93157.csv,,o4-mini-2025-04-16,Yes | evidence: Columns 'GPL19965_Pfse' (PFS event status) and 'GPL19965_Pfs' (PFS time) | justification: Dataset provides patient-level progression-free survival status and time,No | stage i evidence: No stage information provided | act evidence: No adjuvant chemotherapy annotation present | justification: Neither stage I proportion nor ACT status is annotated for NSCLC samples,"meets survival criterion: Yes | meets stage or act criterion: No | justification: Although PFS data are available, the dataset lacks both stage I breakdown and adjuvant chemotherapy annotations in NSCLC patients",No,False
samples_table_GSE136131.csv,,o4-mini-2025-04-16,"No | evidence: Dataset lists only cell line experiments (A549 cells) with siControl/siP1 treatments; no variables for OS, PFS, or RFS are provided. | justification: This is an in vitro cell line study with no patient-specific survival data.",No | stage i evidence: N/A | act evidence: N/A | justification: No clinical staging or adjuvant chemotherapy annotations present; data are from cell lines only.,meets survival criterion: No | meets stage or act criterion: No | justification: Fails both criteria: lacks patient survival variables and lacks stage I majority or ACT annotation.,No,False
samples_table_GSE16559.csv,,o4-mini-2025-04-16,"No | evidence: Metadata fields: age, gender, disease state; no survival time/status variables. | justification: No patient‐specific survival time or status variables (OS, PFS, RFS) are provided.","No | stage i evidence: No staging information (e.g., stage I) in metadata. | act evidence: No annotation for adjuvant chemotherapy. | justification: Dataset lacks both stage and ACT annotations.",meets survival criterion: No | meets stage or act criterion: No | justification: Fails to meet survival data requirement and has no stage I or ACT annotation.,No,False
samples_table_GSE47059.csv,,o4-mini-2025-04-16,"No | evidence: No variables corresponding to overall or progression-free survival status or time in the provided sample annotations. | justification: Dataset describes cell line treatments, not patient clinical follow-up.","No | stage i evidence: None – samples are A549 cell lines, not patient tumors. | act evidence: None – no adjuvant chemotherapy annotation present. | justification: Dataset is in vitro cell line data without clinical staging or treatment metadata.",meets survival criterion: No | meets stage or act criterion: No | justification: Fails both required criteria: lacks patient survival data and any stage I or ACT annotation.,No,False
samples_table_GSE7035.csv,,o4-mini-2025-04-16,No | evidence: Dataset consists solely of A549 NSCLC cell line expression profiles under various treatments; no patient survival status or time variables are present. | justification: No patient-level survival data provided.,"No | stage i evidence: Not applicable; in vitro cell line data without clinical staging. | act evidence: Not applicable; no patient treatment annotations for adjuvant chemotherapy. | justification: This is a preclinical cell line experiment, not a clinical patient cohort.",meets survival criterion: No | meets stage or act criterion: No | justification: The dataset lacks both patient-specific survival data and any clinical staging or adjuvant chemotherapy annotation.,No,False
samples_table_GSE30979.csv,,o4-mini-2025-04-16,"No | evidence: Available columns: GPL6244_Group, GPL6244_Accession, GPL6244_Title, GPL6244_Source name, GPL6244_Tissue, GPL6244_Histology, GPL6244_Treatment (all other fields empty) | justification: No patient-specific survival status or time variables (OS, PFS, RFS) are present.",No | stage i evidence: No staging information provided | act evidence: No adjuvant chemotherapy annotation present | justification: Dataset lacks both stage I proportion data and explicit ACT annotation.,meets survival criterion: No | meets stage or act criterion: No | justification: Fails both survival data requirement and stage I/ACT requirement.,No,False
samples_table_GSE80316.csv,,o4-mini-2025-04-16,No | evidence: Dataset contains only cell line treatment annotations; no survival status or time variables present. | justification: No patient-specific survival time or status data provided.,"No | stage i evidence: No stage information reported. | act evidence: No adjuvant chemotherapy annotation present. | justification: This is a cell line treatment study, not a patient cohort with clinical staging or ACT annotation.",meets survival criterion: No | meets stage or act criterion: No | justification: Dataset lacks both required survival variables and clinical stage/ACT information.,No,False
samples_table_GSE69563.csv,,o4-mini-2025-04-16,"No | evidence: No patient-specific survival status or time variables present; only cell line group annotations | justification: This dataset contains expression data from H1299 NSCLC cell lines, not patient samples",No | stage i evidence: None—no staging information | act evidence: None—no adjuvant chemotherapy annotation | justification: All samples are in vitro cell lines without clinical staging or treatment data,meets survival criterion: No | meets stage or act criterion: No | justification: Lacks both patient-level survival data and required stage I or ACT annotations,No,False
samples_table_GSE79228.csv,,o4-mini-2025-04-16,No | evidence: Dataset consists of NCI-H292 cell line experiments; no patient survival status or time variables provided. | justification: Only in vitro cell line data without any clinical survival annotations.,No | stage i evidence: Not applicable – no patient cohort described. | act evidence: Not applicable – no adjuvant chemotherapy annotations. | justification: Cell line study lacks any patient stage or treatment data.,meets survival criterion: No | meets stage or act criterion: No | justification: Does not include patient-specific survival data or stage I/ACT annotations; it is an in vitro cell line experiment.,No,False
samples_table_GSE223395.csv,,o4-mini-2025-04-16,"No | evidence: No columns for survival time or status (e.g., OS, PFS) in the provided sample metadata. | justification: The sample annotations list biopsy timepoints and dosing but do not include any patient-specific survival metrics.",No | stage i evidence: Not provided | act evidence: Not provided | justification: This is a phase I mesothelioma trial dataset with no information on tumor stage distribution or adjuvant chemotherapy annotation.,"meets survival criterion: No | meets stage or act criterion: No | justification: The dataset lacks both required survival variables and stage I/ACT annotations, so it fails both inclusion criteria.",No,False
samples_table_GSE43567.csv,,o4-mini-2025-04-16,"No | evidence: Dataset consists of NSCLC cell line names and reference mix details; no survival time or status variables provided. | justification: Data are transcriptomic profiles of cell lines, not patient-level clinical data.",No | stage i evidence: None — no staging information provided. | act evidence: None — no adjuvant chemotherapy annotation provided. | justification: Cell line dataset lacks any clinical stage or treatment annotation.,meets survival criterion: No | meets stage or act criterion: No | justification: Does not include patient survival data or stage/treatment annotations required for inclusion.,No,False
samples_table_GSE126043.csv,,o4-mini-2025-04-16,"No | evidence: Columns present: Treatment status, Patient response. No overall or progression-free survival time/status variables. | justification: Dataset reports PD-1 response status but lacks any survival time or status variables.",No | stage i evidence: No stage information provided. | act evidence: No adjuvant chemotherapy annotation present. | justification: Dataset lacks both stage and ACT variables; criteria not met.,meets survival criterion: No | meets stage or act criterion: No | justification: Fails to provide patient-level survival data and contains no stage I or ACT information.,No,False
samples_table_GSE93586.csv,,o4-mini-2025-04-16,No | evidence: Dataset describes expression profiles of PC14 NSCLC cell line subpopulations; no patient survival status or time variables provided. | justification: This is an in vitro cell line study without any patient-level survival data.,"No | stage i evidence: No patient staging information; cell line subpopulations only. | act evidence: No adjuvant chemotherapy annotation present. | justification: Study uses cell lines, not clinical patient cohorts, so no stage I composition or ACT data.",meets survival criterion: No | meets stage or act criterion: No | justification: Lacks both patient survival variables and clinical stage/ACT annotations; does not meet inclusion criteria.,No,False
samples_table_GSE24502.csv,,o4-mini-2025-04-16,"No | evidence: No columns for overall survival, progression-free survival, recurrence-free survival, or survival status/time in sample metadata. | justification: The dataset is a methylation profiling study without any patient-specific survival variables provided.",No | stage i evidence: None | act evidence: None | justification: Sample annotations list only normal vs. NSCLC tumor tissue without stage or adjuvant chemotherapy information.,meets survival criterion: No | meets stage or act criterion: No | justification: Lacks both patient-level survival data and any staging or adjuvant chemotherapy annotations required by inclusion criteria.,No,False
samples_table_GSE58542.csv,,o4-mini-2025-04-16,No | evidence: Dataset comprises H358 cell line technical replicates; no patient survival status or time variables are present. | justification: This is an in vitro cell line experiment without any patient-specific survival data.,No | stage i evidence: No clinical staging information; it is a cell line study. | act evidence: No adjuvant chemotherapy annotations; only shRNA knockdown in cell lines. | justification: There are no patient data to assess stage I proportion or ACT status.,"meets survival criterion: No | meets stage or act criterion: No | justification: The dataset lacks both patient survival variables and clinical annotations for stage or adjuvant chemotherapy, failing all inclusion criteria.",No,False
samples_table_GSE15126.csv,,o4-mini-2025-04-16,"No | evidence: Dataset consists entirely of cancer cell lines (e.g., A-427, NCI-H2009) with no patient survival status or time variables. | justification: No patient‐level OS, PFS, or RFS data provided; only cell line identities and K-Ras dependence.","No | stage i evidence: No stage I annotation—only cell line tumor origin. | act evidence: No adjuvant chemotherapy annotation present. | justification: Metadata describe cell lines, not clinical stage or treatment history.",meets survival criterion: No | meets stage or act criterion: No | justification: Fails both criteria: lacks patient survival data and has no stage I or ACT information.,No,False
samples_table_GSE146601.csv,,o4-mini-2025-04-16,"No | evidence: All samples are lung cancer cell lines with transfection conditions; no survival status or time variables provided. | justification: Dataset describes in vitro cell line experiments, not patient survival data.","No | stage i evidence: No patient stage annotations; samples labeled as “Advanced lung cancer cells.” | act evidence: No adjuvant chemotherapy annotations present. | justification: Dataset contains only cell line transfection data, not clinical stage or treatment information.",meets survival criterion: No | meets stage or act criterion: No | justification: Fails both survival data and stage I or ACT criteria due to being an in vitro cell line expression study.,No,False
samples_table_GSE102286.csv,,o4-mini-2025-04-16,No | evidence: Only survival time (‘survival (months)’) in characteristics; no explicit survival status variable provided | justification: Time-to-event is given but no accompanying event/censoring status column,Yes | stage i evidence: Approximately 61 of 89 unique patients (~68.5%) are Stage I | act evidence: None reported | justification: Dataset composition exceeds 50% Stage I cases; no ACT annotation present,"meets survival criterion: No | meets stage or act criterion: Yes | justification: Although a majority are Stage I, the dataset lacks patient‐specific survival status variable required for inclusion",No,False
samples_table_GSE66245.csv,,o4-mini-2025-04-16,No | evidence: No patient-specific survival time or status variables; dataset contains cell line treatment data | justification: This GEO SuperSeries reports in vitro cell line experiments without any clinical survival endpoints,"No | stage i evidence: No staging information reported for patients | act evidence: Treatment annotations refer to in vitro drug regimens, not adjuvant chemotherapy in patients | justification: The data are from lung cancer cell lines, not clinical cases, so neither stage I distribution nor ACT annotation applies",meets survival criterion: No | meets stage or act criterion: No | justification: Lacks both patient-specific survival variables and required clinical stage/ACT annotations,No,False
samples_table_GSE5816.csv,,o4-mini-2025-04-16,No | evidence: All entries are NSCLC or other cancer cell lines; no patient records | justification: Dataset comprises cell line experiments without individual patient survival status or time variables,"No | stage i evidence: No clinical stage annotations; all are cell lines | act evidence: No adjuvant chemotherapy annotations provided | justification: Samples are cell lines, not clinical patient cohorts",meets survival criterion: No | meets stage or act criterion: No | justification: Fails requirement for patient-specific survival data and lacks Stage I or ACT annotations,No,False
samples_table_GSE198958.csv,,o4-mini-2025-04-16,"Yes | evidence: Columns include 'event (pd): yes/no', 'dfs (months): X', 'os (months): Y' and a 'Death' status | justification: Patient-specific variables for disease-free and overall survival status and time are provided","No | stage i evidence: 28 of 67 patients (~41.8%) are Stage I (IA or IB), below the 50% threshold | act evidence: Treatment column lists only 'Resection'; no explicit adjuvant chemotherapy annotation | justification: Neither >50% Stage I composition nor ACT annotation is present","meets survival criterion: Yes | meets stage or act criterion: No | justification: Survival data are available, but the cohort has insufficient Stage I representation (<50%) and lacks ACT annotation",No,False
samples_table_GSE84799.csv,,o4-mini-2025-04-16,"No | evidence: No columns for survival time or status (e.g., OS_time, OS_status, PFS_time, PFS_status) | justification: The dataset contains only clinical covariates (e.g., Stage, Histology) and single-cell expression data; no follow-up or survival outcome fields are present.","No | stage i evidence: Among 29 patients with staging, only 10 (≈34%) are Stage I (IA or IB) | act evidence: No adjuvant chemotherapy annotation provided | justification: Stage I proportion is below 50% and there is no ACT information.",meets survival criterion: No | meets stage or act criterion: No | justification: Fails both survival data requirement and stage I/ACT composition criterion.,No,False
samples_table_GSE168466.csv,,o4-mini-2025-04-16,No | evidence: Table columns only include sample identifiers and histological classification; no overall or progression‐free survival time/status variables | justification: No patient‐specific survival status or time variables are present,No | stage i evidence: No staging information provided | act evidence: No adjuvant chemotherapy annotation present | justification: Dataset focuses on histological classification without stage or treatment annotations,meets survival criterion: No | meets stage or act criterion: No | justification: Lacks both required survival variables and stage I or ACT annotations,No,False
samples_table_GSE252795.csv,,o4-mini-2025-04-16,"No | evidence: Dataset consists of NCI-H1299 cell lines and cisplatin-resistant derivatives (GSM8007897–GSM8007900), no patient survival variables. | justification: No patient-level overall or progression-free survival status/time present; only cell-line expression data.","No | stage i evidence: Not applicable—no patient staging information provided. | act evidence: No annotation of adjuvant chemotherapy in patient context; drug resistance model is in vitro. | justification: This is an in vitro cell-line study, not a patient cohort with stage or ACT annotations.",meets survival criterion: No | meets stage or act criterion: No | justification: Dataset lacks patient survival data and staging/ACT annotation; does not meet inclusion criteria.,No,False
samples_table_GSE38310.csv,,o4-mini-2025-04-16,"No | evidence: The study uses HCC827 cell lines and resistant subclones; no patient survival time or status variables are reported. | justification: Only in vitro cell line experiments are described, with no clinical survival data.",No | stage i evidence: None—no patient staging information is provided. | act evidence: None—treatments are in vitro (erlotinib/DMSO) rather than adjuvant chemotherapy annotations for patients. | justification: The dataset is entirely cell line–based with no clinical stage or adjuvant chemotherapy data.,meets survival criterion: No | meets stage or act criterion: No | justification: Does not contain any patient-level survival variables or clinical stage/ACT annotations—fails both inclusion criteria.,No,False
samples_table_GSE37745.csv,,o4-mini-2025-04-16,Yes | evidence: Columns ‘GPL570_Dead’ (death status) and ‘GPL570_Days to determined death status’ (survival time) | justification: Provides per‐patient overall survival status and time,Yes | stage i evidence: Overall distribution not summarized; individual ‘GPL570_Tumor stage’ entries include stage I but % not computed | act evidence: Column ‘GPL570_Adjuvant treatment’ explicitly annotates adjuvant therapy (yes/no/not known) | justification: Meets criterion via explicit adjuvant chemotherapy annotation,meets survival criterion: Yes | meets stage or act criterion: Yes | justification: Dataset contains patient‐level OS status/time and explicit adjuvant treatment annotation,Yes,True
samples_table_GSE12472.csv,,o4-mini-2025-04-16,Yes | evidence: Columns 'GPL1708_Dead/alive at last follow-up' and 'GPL1708_Survival as from surgery' (also 'GPL1708_Time to distant metastasis') are present | justification: Patient-level survival status and survival time are provided for each tumor sample,"Yes | stage i evidence: Among 35 tumor samples (T01–T35), 23 (≈66%) are stage I (IA or IB) | act evidence: None | justification: Majority of tumor samples are stage I",meets survival criterion: Yes | meets stage or act criterion: Yes | justification: The dataset provides patient-specific survival data and over 50% of tumors are stage I,Yes,False
samples_table_GSE2003.csv,,o4-mini-2025-04-16,"No | evidence: Dataset consists of NCI‐60 cell line expression profiles without any patient survival time or status variables | justification: This is a cell line panel, not patient data, so no survival variables are present",No | stage i evidence: Not applicable—cell lines have no staging information | act evidence: No explicit adjuvant chemotherapy annotation | justification: No patient clinical metadata on stage I or ACT are provided,meets survival criterion: No | meets stage or act criterion: No | justification: Lacks both patient‐level survival data and clinical staging or adjuvant chemotherapy annotations,No,False
samples_table_GSE99870.csv,,o4-mini-2025-04-16,"No | evidence: Only age, sample type, and disease state are provided; no OS/PFS status or time variables | justification: Dataset does not include patient‐specific survival status or time",No | stage i evidence: Stage information not provided | act evidence: No adjuvant chemotherapy annotation | justification: Neither stage nor ACT data are available,meets survival criterion: No | meets stage or act criterion: No | justification: Lacks both required survival variables and stage I or ACT information,No,False
samples_table_GSE63074.csv,,o4-mini-2025-04-16,"No | evidence: No columns for survival status or survival time (e.g., OS, PFS) in header or data. | justification: Dataset contains no patient‐level survival time or status variables.",No | stage i evidence: No stage annotation present. | act evidence: No adjuvant chemotherapy annotation present. | justification: Neither stage nor ACT information is provided.,meets survival criterion: No | meets stage or act criterion: No | justification: Fails both criteria: no survival variables and no stage I or ACT annotation.,No,False
samples_table_GSE4869.csv,,o4-mini-2025-04-16,No | evidence: No variables for patient survival status or time; only cell line motility data. | justification: This is an in vitro cell line study without any patient survival data.,"No | stage i evidence: Not applicable—no patient staging information provided. | act evidence: Not applicable—no treatment annotation for adjuvant chemotherapy. | justification: Dataset describes cell subpopulations, not clinical stage or treatment data.",meets survival criterion: No | meets stage or act criterion: No | justification: Fails both survival data requirement and stage I/ACT composition requirement.,No,False
samples_table_GSE138092.csv,,o4-mini-2025-04-16,No | evidence: No columns related to survival status or survival time in dataset description or sample metadata | justification: Dataset provides microRNA expression profiles without any patient‐specific survival time or event status variables.,No | stage i evidence: Not reported | act evidence: Not reported | justification: No information on tumor stage or adjuvant chemotherapy annotation provided.,meets survival criterion: No | meets stage or act criterion: No | justification: Fails both required criteria: lacks survival variables and stage I or ACT data.,No,False
samples_table_GSE104757.csv,,o4-mini-2025-04-16,No | evidence: Dataset consists entirely of lung cancer cell lines with treatment annotations; no survival status or time variables provided. | justification: No patient-specific survival data present.,No | justification: No clinical staging or adjuvant chemotherapy annotations; only cell line phenotypes and treatments are described.,"meets survival criterion: No | meets stage or act criterion: No | justification: This is an in vitro cell line study with no patient survival or staging/ACT data, failing both inclusion criteria.",No,False
samples_table_GSE17681.csv,,o4-mini-2025-04-16,No | evidence: No columns or variables for OS/PFS time or status in the sample annotations | justification: Dataset contains only sample IDs and class labels (tumor vs control) without survival information,No | stage i evidence: No stage annotation present | act evidence: No adjuvant chemotherapy annotation present | justification: Dataset lacks any clinical staging or treatment details,meets survival criterion: No | meets stage or act criterion: No | justification: Fails both required criteria: no survival data and no stage I or ACT information,No,False
samples_table_GSE126045.csv,,o4-mini-2025-04-16,"No | evidence: Columns include 'Treatment status' and 'Patient response' but no survival status or time variables (e.g., OS, PFS). | justification: The dataset lacks any patient-specific survival time or status fields.",No | stage i evidence: None (no staging information provided). | act evidence: None (no adjuvant chemotherapy annotation). | justification: No indication of patient stage or explicit ACT data.,meets survival criterion: No | meets stage or act criterion: No | justification: Fails to include required survival variables and lacks stage I majority or ACT annotation.,No,False
samples_table_GSE244645.csv,,o4-mini-2025-04-16,"No | evidence: The sample annotation table lists only GSM ID, condition, histology, TNM stage, sex, age; no survival time or status variables (e.g., OS_time, OS_status, PFS_time, PFS_status). | justification: No patient‐level survival outcomes are provided.","No | stage i evidence: Although many NSCLC pre‐treatment samples are T1N0 (stage I), overall the dataset mixes NSCLC and HNSCC samples and <50% of total samples are stage I NSCLC. | act evidence: No adjuvant chemotherapy annotation present. | justification: Does not meet ≥50% stage I criterion when considering all samples, and no ACT data.",meets survival criterion: No | meets stage or act criterion: No | justification: Lacks survival variables and fails stage I (>50%) or ACT annotation requirement.,No,False
samples_table_GSE193628.csv,,o4-mini-2025-04-16,"No | evidence: Available columns: Group, Accession, Title, Source name, Cell line, Phenotype; no survival status or time fields | justification: Dataset is based on NSCLC cell lines (PC-9 gefitinib-resistant vs sensitive), not patient clinical data",No | stage i evidence: None | act evidence: None | justification: No patient stage annotation or adjuvant chemotherapy information present,meets survival criterion: No | meets stage or act criterion: No | justification: Lacks patient‐specific survival variables and does not provide stage I or adjuvant chemo annotations; only in vitro cell-line data,No,False
samples_table_GSE64322.csv,,o4-mini-2025-04-16,"No | evidence: Columns: GPL570_Group, Accession, Title, Source name, Patient id, Egfr mutation, Tki status, Resistance mechanism (no survival time/status variables) | justification: Dataset comprises cell‐line models without any OS, PFS, or RFS fields",No | stage i evidence: None—no staging annotation | act evidence: None—no adjuvant chemotherapy annotation | justification: No information on patient disease stage or adjuvant treatment,meets survival criterion: No | meets stage or act criterion: No | justification: Lacks both patient‐specific survival data and required stage I or ACT annotation,No,False
samples_table_GSE5828.csv,,o4-mini-2025-04-16,"No | evidence: Sample annotation fields include only tissue source, nodal status, microarray details. No OS/PFS/RFS variables. | justification: The dataset provides gene expression sample metadata but lacks any patient‐level survival time or status columns.","No | stage i evidence: Samples classified by nodal status (N0, N1/2m, N1d); no explicit TNM stage I breakdown or T stage information. | act evidence: No adjuvant chemotherapy annotation present in characteristics. | justification: Dataset describes nodal metastasis cohorts without indicating stage I proportion or ACT exposure.",meets survival criterion: No | meets stage or act criterion: No | justification: Fails to provide required survival variables and does not meet stage I > 50% or ACT annotation criteria.,No,False
samples_table_GSE190731.csv,,o4-mini-2025-04-16,No | evidence: Dataset describes xenograft mouse model gene expression; no survival status or time variables provided. | justification: Data includes only treatment and expression data; no patient-specific survival outcome fields.,No | stage i evidence: No staging information; xenograft tumors in NSG mice. | act evidence: No adjuvant chemotherapy annotation; treatments are immunotherapies in mice. | justification: No clinical stage or ACT annotation for human patients.,meets survival criterion: No | meets stage or act criterion: No | justification: Dataset lacks human patient survival data and clinical stage or ACT annotation.,No,False
