custom_id,error,model,Q1,Q2,Q3,Q4,in_actual
samples_table_GSE189047.csv,,o4-mini-2025-04-16,No | evidence: No patient-specific survival time or status fields; all entries are cell line samples with treatment labels | justification: Dataset consists solely of A549 cell line experiments without any survival endpoints,"No | stage i evidence: No staging information provided | act evidence: No adjuvant chemotherapy annotation—treatments are in vitro agents (TGFb, crizotinib) | justification: No clinical stage or ACT metadata present",meets survival criterion: No | meets stage or act criterion: No | justification: Lacks both patient-level survival data and clinical stage/ACT annotations,No,False
samples_table_GSE10096.csv,,o4-mini-2025-04-16,"No | evidence: Survival data derive from Kaplan–Meier curves of mice (animal model), not patient‐specific OS/PFS. | justification: Contains preclinical animal survival endpoints rather than patient survival time and status.",No | stage i evidence: Not applicable—no patient staging data. | act evidence: No adjuvant chemotherapy annotations present. | justification: Study uses cell lines and mouse models without clinical stage or ACT information.,meets survival criterion: No | meets stage or act criterion: No | justification: Does not provide patient‐level survival time/status nor clinical stage or ACT annotation—fails all inclusion criteria.,No,False
samples_table_GSE27606.csv,,o4-mini-2025-04-16,"No | evidence: No columns for overall or progression‐free survival time/status | justification: Dataset reports only days between sample collections (pre- vs. post-surgery), not patient survival outcomes",Yes | stage i evidence: 7 of 11 unique patients (64%) are Stage I (IA/IB) | act evidence: None | justification: Majority of patients are Stage I,"meets survival criterion: No | meets stage or act criterion: Yes | justification: Although >50% of patients are Stage I, the dataset lacks any survival time/status data required for inclusion.",No,False
samples_table_GSE38054.csv,,o4-mini-2025-04-16,No | evidence: Dataset consists of in vitro human NSCLC H358 cell line replicates with vehicle or DAPT treatment | justification: No patient-specific survival time or status data provided,No | stage i evidence: N/A | act evidence: N/A | justification: No clinical patient staging or adjuvant chemotherapy annotations present,"meets survival criterion: No | meets stage or act criterion: No | justification: Dataset is a cell‐line pharmacologic experiment, lacking any patient survival or staging/ACT information",No,False
samples_table_GSE240758.csv,,o4-mini-2025-04-16,"No | evidence: No survival time or status columns (e.g., OS, PFS) present in the sample annotation | justification: Dataset contains demographic and stage data only; no survival endpoints provided",No | stage i evidence: Only 2 of 8 NSCLC samples are Stage I (25%) | act evidence: No explicit adjuvant chemotherapy annotation | justification: Less than 50% Stage I and no ACT information,meets survival criterion: No | meets stage or act criterion: No | justification: Fails to provide survival data and does not meet the ≥50% Stage I or ACT requirement,No,False
samples_table_GSE8332.csv,,o4-mini-2025-04-16,No | evidence: Dataset consists solely of cell line experiments with no patient survival times or status reported. | justification: This is an in vitro cell‐line expression study; no patient-level survival data are provided.,No | stage i evidence: Not reported | act evidence: Not reported | justification: No clinical staging or adjuvant chemotherapy annotation is present for cell lines.,meets survival criterion: No | meets stage or act criterion: No | justification: Fails both inclusion criteria: no survival data and no patient stage I or ACT annotation.,No,False
samples_table_GSE92679.csv,,o4-mini-2025-04-16,"No | evidence: Dataset consists solely of NSCLC cell line treatments (A549, HTB-182) with no patient survival times or status reported. | justification: Only in vitro cell line experiments are described, no human patient follow-up data present.",No | stage i evidence: N/A | act evidence: N/A | justification: No patient cohort data; staging or adjuvant chemotherapy annotations are absent.,meets survival criterion: No | meets stage or act criterion: No | justification: Preclinical cell line dataset lacks both patient survival information and required clinical annotations (stage I or ACT).,No,False
samples_table_GSE75960.csv,,o4-mini-2025-04-16,No | evidence: All samples are from DV90 cell line treatments; no patient follow-up or survival fields are provided. | justification: This is in vitro cell line expression data lacking any patient survival time or status information.,"No | stage i evidence: No clinical staging information—samples are cell line replicates. | act evidence: No adjuvant chemotherapy annotation—treatment refers to in vitro JQ1 exposure, not clinical ACT. | justification: Dataset comprises cell line experiments with no patient-level stage or treatment data.",meets survival criterion: No | meets stage or act criterion: No | justification: Does not include patient survival data nor required clinical stage I or adjuvant chemotherapy annotations.,No,False
samples_table_GSE115864.csv,,o4-mini-2025-04-16,"No | evidence: Dataset consists of cell line xenograft samples with treatment labels, no patient survival times or status. | justification: This is an in vitro/xenograft study without any patient-level overall or progression‐free survival data.",No | stage i evidence: No patient stage information provided | act evidence: No adjuvant chemotherapy annotation present | justification: The dataset involves cell line treatments and lacks any clinical staging or adjuvant therapy metadata.,meets survival criterion: No | meets stage or act criterion: No | justification: The dataset lacks both required patient survival data and either Stage I composition or adjuvant chemotherapy annotation.,No,False
samples_table_GSE27388.csv,,o4-mini-2025-04-16,"No | evidence: No survival time or status fields in title, summary, or sample metadata | justification: This expression profiling study of cervical FFPE samples does not report any patient survival information","No | stage i evidence: Not applicable (cervical cancer, not NSCLC) | act evidence: No adjuvant chemotherapy annotations present | justification: Dataset focuses on cervical carcinoma subtype expression without any NSCLC stage or chemotherapy data",meets survival criterion: No | meets stage or act criterion: No | justification: Fails both required criteria: lacks survival data and lacks stage I NSCLC or ACT annotation,No,False
samples_table_GSE52717.csv,,o4-mini-2025-04-16,No | evidence: Dataset contains only cell line and xenograft sample metadata; no survival time or status fields present. | justification: No patient-specific survival or follow-up data provided.,No | stage i evidence: No information on patient disease stage; samples are cell lines and xenografts. | act evidence: No adjuvant chemotherapy annotations present. | justification: Neither stage I composition nor ACT annotation is reported.,meets survival criterion: No | meets stage or act criterion: No | justification: The dataset lacks both necessary survival data and required stage I or ACT annotations required for inclusion.,No,False
samples_table_GSE171702.csv,,o4-mini-2025-04-16,"No | evidence: No columns for survival time or status; only Tissue, Gender, Histology, Stage, Age are provided. | justification: The dataset lacks any patient‐specific follow‐up or survival outcome fields.","No | stage i evidence: Only 1 of 32 patients is stage I (1A), ~3%. | act evidence: No annotation for adjuvant chemotherapy. | justification: Less than 50% of patients are stage I and there is no explicit ACT annotation.",meets survival criterion: No | meets stage or act criterion: No | justification: Fails to provide survival data and does not meet stage I or ACT criteria.,No,False
samples_table_GSE18346.csv,,o4-mini-2025-04-16,"No | evidence: No survival time or status fields reported in title, summary, or sample annotations. | justification: The dataset focuses on splice variant detection in paired tumor and normal tissues without any survival follow-up data.",No | stage i evidence: None | act evidence: None | justification: No staging information or adjuvant chemotherapy annotation is provided for the NSCLC samples.,"meets survival criterion: No | meets stage or act criterion: No | justification: The dataset lacks both patient survival data and any stage I or adjuvant chemotherapy annotations, failing all inclusion criteria.",No,False
samples_table_GSE26241.csv,,o4-mini-2025-04-16,No | evidence: No survival time/status reported; dataset describes in vitro A549 cell line experiments | justification: This is a cell line study with no patient-level survival data,No | stage i evidence: No clinical stage information; in vitro cell line | act evidence: No adjuvant chemotherapy annotation; in vitro cell line | justification: No patient samples or clinical stage/ACT data present,meets survival criterion: No | meets stage or act criterion: No | justification: Lacks both patient survival data and clinical stage or ACT annotations,No,False
samples_table_GSE136932.csv,,o4-mini-2025-04-16,No | evidence: Dataset describes in vitro experiments on A549 and H1975 cell lines; no patient survival time or status provided | justification: No patient-specific clinical data are included,"No | stage i evidence: Not applicable – cell line study, no patient staging information | act evidence: Not applicable – no adjuvant chemotherapy annotation | justification: Preclinical dataset lacks any clinical stage or treatment annotations",meets survival criterion: No | meets stage or act criterion: No | justification: Does not include patient survival data nor meet stage I or ACT annotation requirements,No,False
samples_table_GSE184414.csv,,o4-mini-2025-04-16,No | evidence: All samples are A549 cell line replicates before/after berberine treatment | justification: In vitro cell-line experiment with no patient survival time or status data,No | justification: No patient clinical data—only cell lines—so no stage I proportion or adjuvant chemotherapy annotation,meets survival criterion: No | meets stage or act criterion: No | justification: Lacks both required survival data and patient stage/treatment annotations,No,False
samples_table_GSE229302.csv,,o4-mini-2025-04-16,Unclear | evidence: Column 'Status after 5 years' provides Alive/Dead at a fixed time point | justification: Survival status is given at 5 years but no individual survival time or follow-up duration per patient,"No | stage i evidence: 2 of 6 samples (33%) are Stage I; among tumors, 1 of 3 (33%) | act evidence: No adjuvant chemotherapy annotation present | justification: Less than 50% of patients are Stage I and no ACT data available",meets survival criterion: No | meets stage or act criterion: No | justification: Lacks detailed time-to-event survival data and does not satisfy Stage I or ACT requirements,No,False
samples_table_GSE115456.csv,,o4-mini-2025-04-16,"No | evidence: Dataset describes gene expression in NSCLC cell lines (H1975, 2106T) under various treatments; no patient survival time or status. | justification: In vitro cell line profiles without any patient-specific survival or follow-up data.","No | stage i evidence: None—no patient samples or staging information. | act evidence: None—no adjuvant chemotherapy annotation for patients. | justification: Study uses cell lines, not patient cohorts, so neither stage I composition nor ACT annotation applies.",meets survival criterion: No | meets stage or act criterion: No | justification: Lacks both required patient survival data and the sample composition or ACT annotation criteria.,No,False
samples_table_GSE23066.csv,,o4-mini-2025-04-16,No | evidence: Summary and sample table list MSC/fibroblast samples; no survival times or status fields present | justification: Dataset describes gene expression of cells derived from NSCLC and normal tissue; lacks any patient survival or follow-up data,No | stage i evidence: Not reported | act evidence: Not reported | justification: No clinical stage annotations or adjuvant chemotherapy status provided; sample metadata limited to cell type and patient ID,meets survival criterion: No | meets stage or act criterion: No | justification: Fails to provide both required patient-level survival data and stage I/ACT annotations,No,False
samples_table_GSE136933.csv,,o4-mini-2025-04-16,"No | evidence: No patient-specific survival time or status reported; dataset consists of NSCLC cell line treatments. | justification: In vitro transcriptome study with A549/H1975 cell lines, not clinical patient data.","No | stage i evidence: Not applicable (no patients or staging information). | act evidence: No adjuvant chemotherapy annotations; treatment refers to Pirfenidone in cell culture. | justification: Dataset is an in vitro experiment, not a clinical cohort.",meets survival criterion: No | meets stage or act criterion: No | justification: Lacks both survival data and clinical stage or ACT annotations; not suitable for clinical meta-analysis.,No,False
samples_table_GSE32989.csv,,o4-mini-2025-04-16,No | evidence: Dataset consists exclusively of NSCLC cell lines with no patient survival or follow-up data. | justification: Cell line expression profiling lacks patient-level survival time/status information.,No | stage i evidence: Not applicable – no patient clinical staging available. | act evidence: Not applicable – no adjuvant chemotherapy annotation. | justification: Cell line dataset contains no clinical stage or treatment annotations.,meets survival criterion: No | meets stage or act criterion: No | justification: Fails both required criteria: no survival data and no stage I or ACT annotations.,No,False
samples_table_GSE49644.csv,,o4-mini-2025-04-16,"No | evidence: Dataset is gene expression profiling of NSCLC cell lines, with no patient survival time or status fields. | justification: Study uses cell lines (A549, HCC827, NCI-H358) before and after EMT induction, not patient samples.",No | stage i evidence: None—no clinical staging information provided for cell lines. | act evidence: None—no adjuvant chemotherapy annotation present. | justification: No patient-level metadata on stage or treatment; only cell line experimental conditions are described.,meets survival criterion: No | meets stage or act criterion: No | justification: Fails both inclusion criteria: lacks patient survival data and has no stage I or ACT annotations.,No,False
samples_table_GSE222124.csv,,o4-mini-2025-04-16,"No | evidence: Dataset consists solely of NSCLC cell lines (Jurkat, THP1, KHYG-1) treated in vitro; no patient records or survival time/status provided. | justification: This is an in vitro cell‐line study with no clinical follow-up data.","No | stage i evidence: None—no patient stage annotations. | act evidence: None—no adjuvant chemotherapy annotations. | justification: The dataset contains only cell‐line experiments, not patient clinical characteristics.",meets survival criterion: No | meets stage or act criterion: No | justification: Fails both required criteria: no survival data and no stage I or ACT annotations.,No,False
samples_table_GSE77209.csv,,o4-mini-2025-04-16,"No | evidence: No fields for patient survival time or status; all entries are cell line or xenograft samples with treatment annotations. | justification: Dataset is preclinical (cell lines/xenografts) and does not report patient-specific OS, PFS, or RFS.","No | stage i evidence: No clinical staging information provided. | act evidence: Treatment annotations refer to in vitro/in vivo cycles of chemotherapy, not patient adjuvant therapy. | justification: No patient-stage data and chemotherapy cycles are experimental treatments, not documented adjuvant therapy in patients.",meets survival criterion: No | meets stage or act criterion: No | justification: Lacks patient survival data and clinical stage or adjuvant chemotherapy annotation; does not meet any inclusion criteria.,No,False
samples_table_GSE197109.csv,,o4-mini-2025-04-16,No | evidence: Dataset contains transcriptome profiles of NSCLC cell lines; no patient survival data provided | justification: Cell line study; no patient time-to-event or status data,"No | stage i evidence: Not applicable; cell lines, no staging information | act evidence: Not applicable; no adjuvant chemotherapy annotation | justification: Dataset is based on cell lines without clinical stage or treatment annotations","meets survival criterion: No | meets stage or act criterion: No | justification: Lacks patient-level survival and stage/ACT data, does not meet inclusion criteria",No,False
samples_table_GSE175601.csv,,o4-mini-2025-04-16,"No | evidence: No patient‐specific survival time or status fields described | justification: Only tissue samples grouped by bone metastasis status; no OS, PFS, or RFS data",No | stage i evidence: No staging information provided | act evidence: No adjuvant chemotherapy annotation present | justification: Dataset lacks both stage I composition and ACT labels,meets survival criterion: No | meets stage or act criterion: No | justification: Does not provide survival data nor meet stage I or ACT annotation requirements,No,False
samples_table_GSE209983.csv,,o4-mini-2025-04-16,"No | evidence: No patient-level survival time or status fields provided; data are from mouse xenograft samples. | justification: This dataset contains expression profiles from engineered NSCLC cell line xenografts in mice, with no human survival data.","No | stage i evidence: Not applicable—no human patient staging information present. | act evidence: No adjuvant chemotherapy annotation provided. | justification: Samples are from mouse xenografts, not clinical patient specimens; neither stage nor treatment data are available.",meets survival criterion: No | meets stage or act criterion: No | justification: Lacks patient survival outcomes and clinical annotations (stage I or ACT). It is a preclinical xenograft model.,No,False
samples_table_GSE203510.csv,,o4-mini-2025-04-16,"No | evidence: No mention of patient‐specific survival time or status in title, summary, or sample annotations | justification: Dataset focuses on circulating miRNA platform comparison, lacks any survival or follow‐up data",No | stage i evidence: No staging information provided | act evidence: No adjuvant chemotherapy annotation present | justification: Samples are plasma from NSCLC patients and healthy donors without clinical staging or treatment details,meets survival criterion: No | meets stage or act criterion: No | justification: Fails both required criteria: no survival data and no stage I majority or ACT annotation,No,False
samples_table_GSE33072.csv,,o4-mini-2025-04-16,"Yes | evidence: Columns like “progression-free survival time (months)”, “PFS status”/“pfsc” and “pfsm (month)” present | justification: The dataset includes patient‐level progression-free survival time and status data","No | stage i evidence: Stage_at_diagnosis values are predominantly III/IV with only occasional IB/IIB entries (<5% of samples) | act evidence: No explicit adjuvant chemotherapy annotation column (treatment fields denote trial drugs, not adjuvant chemo) | justification: Neither >50% stage I composition nor adjuvant chemotherapy annotation is met","meets survival criterion: Yes | meets stage or act criterion: No | justification: While progression-free survival data are available, the cohort lacks a majority of stage I cases and has no adjuvant chemotherapy annotation",No,False
samples_table_GSE47056.csv,,o4-mini-2025-04-16,No | evidence: Dataset consists of A549 cell line replicates; no patient survival times or status reported. | justification: This is in vitro cell line expression data lacking any clinical survival information.,No | stage i evidence: Not applicable; no patient staging information provided. | act evidence: Not applicable; no adjuvant chemotherapy annotation present. | justification: The dataset does not include any patient-level clinical annotations such as stage or treatment.,"meets survival criterion: No | meets stage or act criterion: No | justification: The dataset comprises cell line experiments without patient survival or clinical staging/ACT data, failing both inclusion criteria.",No,False
samples_table_GSE69630.csv,,o4-mini-2025-04-16,No | evidence: No patient-specific survival time or status fields present; all samples are cell line experiments. | justification: Dataset comprises only cell line miRNA profiling without any survival or time-to-event data.,No | stage i evidence: None | act evidence: None | justification: No information on patient stage distribution or adjuvant chemotherapy annotation; samples are tumor cell lines and normal epithelial cell lines.,meets survival criterion: No | meets stage or act criterion: No | justification: Fails to provide patient survival data and lacks stage I or ACT annotation criteria.,No,False
samples_table_GSE21933.csv,,o4-mini-2025-04-16,"No | evidence: No columns or fields for survival time or status (OS/PFS/RFS) in description or table. | justification: The dataset includes only expression, histology, stage, sex, and age; no survival annotations.",No | stage i evidence: Only 7 of 21 tumor samples (33%) are Stage I (IA/IB). | act evidence: No explicit adjuvant chemotherapy annotation. | justification: Fails both criteria of >50% Stage I patients and any ACT annotation.,meets survival criterion: No | meets stage or act criterion: No | justification: Lacks survival data and does not meet Stage I or ACT criteria.,No,False
samples_table_GSE121682.csv,,o4-mini-2025-04-16,No | evidence: All entries describe cell line experiments with time points in hours; no patient survival status or time provided. | justification: This is a preclinical cell line dataset without any clinical survival information.,"No | stage i evidence: Not applicable—no patient sample staging. | act evidence: Not applicable—no adjuvant chemotherapy annotation. | justification: Dataset consists solely of in vitro cell line treatments, not patient clinical data.",meets survival criterion: No | meets stage or act criterion: No | justification: Fails to meet both required criteria: no survival data and no patient staging or ACT annotation.,No,False
samples_table_GSE17073.csv,,o4-mini-2025-04-16,"No | evidence: Dataset contains only in vitro bronchial epithelial cell lines, no patient survival time or status. | justification: No clinical patient data provided; only cell culture experiments.","No | stage i evidence: None | act evidence: None | justification: No patient samples, so no staging or chemotherapy annotation.",meets survival criterion: No | meets stage or act criterion: No | justification: Fails both required criteria: lacks survival data and patient stage/ACT annotation.,No,False
samples_table_GSE188406.csv,,o4-mini-2025-04-16,"No | evidence: Dataset describes microarray experiments on NSCLC cell lines (H2228, A925L) with drug treatments; no patient survival times or status provided. | justification: Only cell line data are present, without any clinical patient-level survival information.","No | stage i evidence: Not applicable—no patient cohorts or staging information, only cell lines. | act evidence: No adjuvant chemotherapy annotation; drug treatments refer to in vitro ALK-TKI exposure, not patient ACT. | justification: Clinical staging and ACT annotations are absent, as this is an in vitro cell line study.",meets survival criterion: No | meets stage or act criterion: No | justification: Lacks both required clinical survival data and any patient-based stage I or ACT annotations.,No,False
samples_table_GSE94393.csv,,o4-mini-2025-04-16,"No | evidence: Dataset describes A549 cell line experiments only, with no patient survival time or status. | justification: This is in vitro cell line data and contains no clinical survival information.",No | stage i evidence: Not applicable – no patient staging information (cell line only). | act evidence: Not applicable – no clinical adjuvant chemotherapy annotation. | justification: The dataset consists solely of NSCLC cell line manipulations; no patient-level stage or treatment data are present.,meets survival criterion: No | meets stage or act criterion: No | justification: Fails both criteria: no survival data and no patient stage I or adjuvant chemotherapy annotations (cell line study).,No,False
samples_table_GSE44617.csv,,o4-mini-2025-04-16,No | evidence: Dataset consists of GSM samples from A549 cell line experiments; no columns for patient survival time or status. | justification: This is a cell line microarray study without any patient-specific clinical endpoints.,"No | stage i evidence: Not applicable—no patient staging information present. | act evidence: No explicit adjuvant chemotherapy annotation; only in vitro treatment (nicotine, serum starvation, β-arrestin depletion). | justification: All samples are NSCLC cell lines under experimental treatments, not patient samples with staging or ACT data.","meets survival criterion: No | meets stage or act criterion: No | justification: The dataset lacks both required patient survival data and either stage I composition or ACT annotation, as it is derived from cell line experiments.",No,False
samples_table_GSE136934.csv,,o4-mini-2025-04-16,No | evidence: Dataset describes Pirfenidone treatment of A549/H1975 cell lines; no patient survival time or status provided. | justification: This is an in vitro cell line transcriptome study without any clinical survival data.,"No | stage i evidence: Not applicable – no patient staging information. | act evidence: Not applicable – no adjuvant chemotherapy annotation. | justification: No human patient cohort, thus neither stage I composition nor ACT annotation is present.",meets survival criterion: No | meets stage or act criterion: No | justification: Fails both required criteria (no survival data and no stage I or ACT annotation); it is an in vitro study.,No,False
samples_table_GSE16025.csv,,o4-mini-2025-04-16,"Yes | evidence: Columns ""GPL5106_Death"" (survival status) and ""GPL5106_Survival_time"" present with values. | justification: Dataset provides patient‐level death status and survival time for OS/PFS analysis.","No | stage i evidence: Approximately 48% of samples (34/71) are Stage I (Ia/Ib), below the 50% threshold. | act evidence: No explicit adjuvant chemotherapy annotation present in the dataset. | justification: Neither >50% Stage I composition nor any ACT annotation is met.","meets survival criterion: Yes | meets stage or act criterion: No | justification: Although survival data are available, the dataset lacks >50% Stage I patients and contains no ACT annotation.",No,True
samples_table_GSE131518.csv,,o4-mini-2025-04-16,"No | evidence: Title and summary describe gene expression in A549 cell lines; no patient survival time or status is provided. | justification: This is an in vitro cell line study, not a patient cohort, so no survival data are available.","No | stage i evidence: All samples are A549 lung cancer cell line replicates, not patient tumor samples. | act evidence: No adjuvant chemotherapy annotation is present in the dataset. | justification: Neither stage I patient composition nor ACT annotation apply to a cell line experiment.","meets survival criterion: No | meets stage or act criterion: No | justification: The dataset lacks both patient-specific survival data and clinical annotations (stage or adjuvant chemotherapy), so it does not meet inclusion criteria.",No,False
samples_table_GSE179212.csv,,o4-mini-2025-04-16,"No | evidence: Dataset consists solely of KRAS G12C NSCLC cell line samples; no patient survival times or status are provided. | justification: Only cell line experiments are described, with no clinical outcome data.",No | stage i evidence: No patient stage information; all samples are cell lines. | act evidence: No adjuvant chemotherapy annotation; study focuses on in vitro inhibitor resistance. | justification: Neither stage I composition nor ACT annotation applies to cell line data.,"meets survival criterion: No | meets stage or act criterion: No | justification: The dataset lacks both patient-specific survival data and stage I or adjuvant chemotherapy annotations, so it fails inclusion criteria.",No,False
samples_table_GSE16597.csv,,o4-mini-2025-04-16,No | evidence: No columns for survival time or status in sample table; summary does not mention OS/RFS/PFS data. | justification: Dataset is array-CGH without any patient follow‐up or survival annotations.,"Yes | stage i evidence: 19 out of 36 (52.8%) samples are Stage IA or IB. | act evidence: None reported. | justification: Over half of the patients are Stage I, satisfying the stage‐I criterion.","meets survival criterion: No | meets stage or act criterion: Yes | justification: Although the dataset has >50% Stage I patients, it lacks any survival time/status data.",No,False
samples_table_GSE72788.csv,,o4-mini-2025-04-16,"No | evidence: Dataset consists solely of NSCLC cell line samples (A549, H441, H460, H2009) with shRNA treatments; no patient survival time or status fields. | justification: No clinical survival data present; this is a cell‐line expression dataset.",No | stage i evidence: Not applicable – no patient stage information. | act evidence: Not applicable – no chemotherapy annotation for patients. | justification: Dataset contains only cell line experiments without any patient clinical staging or adjuvant chemotherapy data.,meets survival criterion: No | meets stage or act criterion: No | justification: Fails both criteria: lacks patient‐level survival outcomes and contains no stage I or ACT annotation.,No,False
samples_table_GSE55860.csv,,o4-mini-2025-04-16,"No | evidence: Study uses H460 cell lines, no patient survival time or status reported. | justification: Only in vitro cell line data; no clinical endpoints provided.",No | stage i evidence: No clinical samples or staging information; only H460 cell lines. | act evidence: No adjuvant chemotherapy annotations; in vitro model. | justification: Dataset is a cell line experiment without patient stage or treatment data.,"meets survival criterion: No | meets stage or act criterion: No | justification: Does not contain any patient-specific survival, stage I proportion, or ACT annotation.",No,False
samples_table_GSE52712.csv,,o4-mini-2025-04-16,"No | evidence: Dataset contains only amplified cDNA from cell lines (MCF7, MCF10A) and single cells; no patient survival time or status. | justification: No clinical survival outcomes (OS, PFS, RFS) are reported.","No | stage i evidence: All samples are cell lines or patient-derived xenograft cells, not primary patient tumors, with no stage annotation. | act evidence: No adjuvant chemotherapy annotation is provided in the sample metadata. | justification: The dataset lacks any patient staging or treatment annotation.",meets survival criterion: No | meets stage or act criterion: No | justification: The dataset does not include any survival data nor meets stage I or ACT annotation criteria; only cell line expression profiles are provided.,No,False
samples_table_GSE166750.csv,,o4-mini-2025-04-16,No | evidence: Dataset consists solely of A549 cell line experiments; no patient survival time or status fields. | justification: No overall or progression‐free survival data present.,"No | stage i evidence: Not applicable – no patient staging data, only cell line samples. | act evidence: Not applicable – no adjuvant chemotherapy annotations. | justification: Dataset is preclinical cell line study, lacks both stage I patient composition and ACT information.",meets survival criterion: No | meets stage or act criterion: No | justification: Fails both inclusion criteria: no survival data and no stage I or ACT annotations.,No,False
samples_table_GSE44077.csv,,o4-mini-2025-04-16,"No | evidence: No survival time/status fields (OS, PFS, RFS) are provided in the sample metadata. | justification: The dataset metadata lists only sample IDs, tissues, and collection methods without any survival or follow-up information.",Unclear | stage i evidence: No explicit staging information in the metadata. | act evidence: No annotation of adjuvant chemotherapy status. | justification: Neither stage I composition nor ACT annotation is reported; only ‘NSCLC patient’ is indicated.,"meets survival criterion: No | meets stage or act criterion: Unclear | justification: Lacks patient-level survival data and does not report stage breakdown or ACT status, so it fails to meet key inclusion requirements.",No,False
samples_table_GSE27705.csv,,o4-mini-2025-04-16,Yes | evidence: GPL11432_Characteristics 1 reports “survival (months)” and GPL11432_Dead (Ch1) reports death status (0/1) for each NSCLC sample | justification: Both patient‐specific survival time and status are provided,No | stage i evidence: Samples are labeled “early” vs “late” but no explicit Stage I annotation; only 10/20 (~50%) are “early” | act evidence: No adjuvant chemotherapy annotation is present | justification: Does not meet >50% Stage I criterion and lacks explicit ACT information,"meets survival criterion: Yes | meets stage or act criterion: No | justification: Although survival data are complete, the dataset fails to demonstrate a majority of Stage I patients or any ACT annotation",No,False
samples_table_GSE131027.csv,,o4-mini-2025-04-16,No | evidence: No survival time or status fields in the summary or the sample table | justification: Dataset lacks any overall/progression-free survival information,No | stage i evidence: None (no staging information provided) | act evidence: None (no adjuvant chemotherapy annotation) | justification: Dataset does not report patient stage or ACT status,meets survival criterion: No | meets stage or act criterion: No | justification: Does not satisfy survival data requirement nor stage-I/ACT composition criterion,No,False
samples_table_GSE42375.csv,,o4-mini-2025-04-16,"No | evidence: Dataset describes A549 cell line experiments; no patient survival time or status reported. | justification: Only in vitro model data are provided, without any clinical survival endpoints.","No | stage i evidence: None—no patient stage information available. | act evidence: None—no adjuvant chemotherapy annotation present. | justification: This is an experimental cell line study, not a clinical cohort.",meets survival criterion: No | meets stage or act criterion: No | justification: Does not contain clinical survival data or patient stage/therapy annotations required for inclusion.,No,False
samples_table_GSE75308.csv,,o4-mini-2025-04-16,No | evidence: Study is based on PC9 NSCLC cell line co-culture experiments with gefitinib; no patient survival or time-to-event data are reported. | justification: No patient-level survival status or time information is provided.,No | stage i evidence: Not applicable—no patient staging data present. | act evidence: Not applicable—no adjuvant chemotherapy annotation at patient level. | justification: The dataset comprises in vitro cell line samples without clinical stage or treatment annotations.,meets survival criterion: No | meets stage or act criterion: No | justification: Dataset lacks both required survival data and clinical annotations (stage I or ACT) for inclusion.,No,False
samples_table_GSE66604.csv,,o4-mini-2025-04-16,"No | evidence: Dataset consists solely of NSCLC cell lines (EBC1, EBC1-R) with no patient survival time or status data. | justification: Only in vitro cell line experiments are described; no clinical survival information present.",No | stage i evidence: Not applicable—no patient staging data. | act evidence: Not applicable—no adjuvant chemotherapy annotations. | justification: Cell line study lacks any patient-specific staging or treatment annotations.,"meets survival criterion: No | meets stage or act criterion: No | justification: This dataset is an in vitro cell line experiment without any patient clinical data, survival outcomes, staging, or chemotherapy annotations.",No,False
samples_table_GSE86928.csv,,o4-mini-2025-04-16,"No | evidence: No columns or fields indicating patient survival time or status (OS, PFS, RFS). | justification: Dataset describes A549 cell line treatments, not patient follow-up.","No | stage i evidence: Not applicable—no patient staging information. | act evidence: No adjuvant chemotherapy annotation for patients. | justification: Study is on cultured A549 cells, not a clinical cohort.",meets survival criterion: No | meets stage or act criterion: No | justification: Lacks any patient-level clinical or survival data and staging/ACT annotations.,No,False
samples_table_GSE93300.csv,,o4-mini-2025-04-16,"No | evidence: No OS, RFS or PFS columns in dataset. | justification: Dataset lacks any survival status or time information.",No | stage i evidence: All NSCLC patients are Stage IIIB or IV; none are Stage I. | act evidence: No adjuvant chemotherapy annotation provided. | justification: Does not meet >50% Stage I requirement nor have ACT data.,meets survival criterion: No | meets stage or act criterion: No | justification: Dataset does not contain survival data and fails both Stage I majority and ACT annotation criteria.,No,False
samples_table_GSE66606.csv,,o4-mini-2025-04-16,"No | evidence: No survival time or status fields (e.g., OS, PFS) are reported. | justification: The dataset consists of in vitro Calu-6 cell line experiments without any patient survival data.",No | stage i evidence: Not applicable – no patient staging information is provided. | act evidence: Not applicable – no adjuvant chemotherapy annotation is provided. | justification: This is a cell line study with no clinical stage or treatment annotations.,"meets survival criterion: No | meets stage or act criterion: No | justification: Neither patient survival data nor stage I/ACT information is available; thus, inclusion criteria are not met.",No,False
samples_table_GSE123031.csv,,o4-mini-2025-04-16,"No | evidence: No columns for survival time or status in the sample metadata. | justification: Dataset consists solely of NSCLC cell line treatments, not patient clinical data.","No | stage i evidence: None (cell line samples, no clinical staging). | act evidence: None (no adjuvant chemotherapy annotation). | justification: All entries are HCC827 cell line replicates under various treatments, with no patient or treatment annotation.",meets survival criterion: No | meets stage or act criterion: No | justification: Lacks both patient survival data and any clinical staging or adjuvant chemotherapy information.,No,False
samples_table_GSE119144.csv,,o4-mini-2025-04-16,"No | evidence: Dataset only lists sample IDs and tumor status without any survival time or status fields. | justification: No overall survival, progression-free survival, or recurrence data provided.",No | justification: No stage annotations or adjuvant chemotherapy information are present.,meets survival criterion: No | meets stage or act criterion: No | justification: Fails required criteria: lacks both survival data and stage I/ACT annotation.,No,False
samples_table_GSE84720.csv,,o4-mini-2025-04-16,"No | evidence: No mention of patient-specific survival time or status in title or summary | justification: Dataset describes in vitro dendritic cell experiments with pooled sera, not clinical survival data",No | stage i evidence: Only late stage NSCLC patients are mentioned | act evidence: No adjuvant chemotherapy annotation provided | justification: Dataset lacks both a majority of stage I patients and ACT annotation,meets survival criterion: No | meets stage or act criterion: No | justification: Does not provide patient survival data nor meet stage I/ACT composition criteria,No,False
samples_table_GSE30291.csv,,o4-mini-2025-04-16,"No | evidence: Dataset consists of cancer cell lines from NCI-60; no patient survival time/status fields present | justification: Cell line resource, not patient cohort, so no survival data",No | stage i evidence: No patient stage annotations | act evidence: No adjuvant chemotherapy annotations | justification: Cell lines do not have clinical staging or ACT treatment metadata,meets survival criterion: No | meets stage or act criterion: No | justification: Does not provide patient-specific survival data or meet stage I/ACT criteria,No,False
samples_table_GSE37058.csv,,o4-mini-2025-04-16,No | evidence: No survival time/status columns or mentions in the dataset. | justification: This is an in vitro airway epithelial cell perturbation study without patient clinical outcomes.,No | stage i evidence: No staging information present. | act evidence: No adjuvant chemotherapy annotations present. | justification: Dataset lacks any patient staging or treatment data.,meets survival criterion: No | meets stage or act criterion: No | justification: Dataset does not contain patient survival data nor staging/treatment info required for inclusion.,No,False
samples_table_GSE43493.csv,,o4-mini-2025-04-16,No | evidence: Dataset contains expression profiles of A549 cell lines and their cisplatin-resistant derivatives; no patient survival times or status. | justification: Preclinical cell line study without clinical follow-up data.,"No | stage i evidence: Not applicable—no patient cohort or staging information. | act evidence: Not applicable—no adjuvant chemotherapy annotation for patients. | justification: Study uses in vitro cell lines, not clinical patient samples.",meets survival criterion: No | meets stage or act criterion: No | justification: Lacks both patient survival data and clinical stage or ACT annotations required for inclusion.,No,False
samples_table_GSE51722.csv,,o4-mini-2025-04-16,No | evidence: Dataset consists of xenograft samples of A549 and H460 cells in SCID mice; no patient survival times or status reported. | justification: Only preclinical mouse models; no human survival data.,"No | stage i evidence: Not applicable—no patient staging information. | act evidence: No adjuvant chemotherapy annotation present. | justification: Dataset contains only xenograft model annotations, not clinical stage or treatment data.",meets survival criterion: No | meets stage or act criterion: No | justification: Does not include patient-level survival data nor meets stage I majority or ACT annotation criteria; preclinical xenograft data only.,No,False
samples_table_GSE31798.csv,,o4-mini-2025-04-16,"No | evidence: Dataset fields list copy number profiles, tissue and subtype; no survival time or status columns. | justification: Only CGH measurements and basic tumor subtype provided, no patient follow-up or outcome data.",No | stage i evidence: No staging information provided for any sample. | act evidence: No adjuvant chemotherapy annotation present. | justification: Neither stage nor treatment annotations are included in this dataset.,"meets survival criterion: No | meets stage or act criterion: No | justification: The dataset lacks both survival outcome data and required stage I or ACT annotations, so it does not meet inclusion criteria.",No,False
samples_table_GSE64766.csv,,o4-mini-2025-04-16,"No | evidence: No columns for overall survival, progression-free survival, relapse-free survival, or survival status/time. | justification: The series lists patient IDs, diagnosis, tissue, and cell lines but provides no survival follow-up data.",No | stage i evidence: Not reported | act evidence: Not reported | justification: No staging information is given and no annotation for adjuvant chemotherapy is provided.,meets survival criterion: No | meets stage or act criterion: No | justification: The dataset lacks both survival time/status data and the required stage-I or adjuvant chemotherapy annotations.,No,False
samples_table_GSE42979.csv,,o4-mini-2025-04-16,"No | evidence: Dataset consists of NSCLC cell line (A549) experiments, no patient survival times/status provided. | justification: Only in vitro cell line data; no clinical survival data included.",No | stage i evidence: Not applicable—no patient cohort. | act evidence: No adjuvant chemotherapy annotation present. | justification: Dataset is experimental cell lines without clinical stage or treatment annotations.,meets survival criterion: No | meets stage or act criterion: No | justification: Does not contain any patient survival data nor meet stage I or ACT annotation requirement.,No,False
samples_table_GSE37699.csv,,o4-mini-2025-04-16,"No | evidence: Dataset consists of NSCLC cell line experiments, no patient survival time or status provided. | justification: No clinical survival endpoints (OS, PFS, RFS) are reported; only cell line resistance data.",No | stage i evidence: None | act evidence: None | justification: No patient cohort information on tumor stage or adjuvant chemotherapy annotation.,"meets survival criterion: No | meets stage or act criterion: No | justification: Dataset is preclinical cell line data without patient survival, staging, or ACT annotation.",No,False
samples_table_GSE147029.csv,,o4-mini-2025-04-16,"No | evidence: Dataset consists of NSCLC cell lines (A549, H1299) treated in vitro; no patient survival time or status provided. | justification: Only cell line experiments are reported; no individual patient follow‐up data available.","No | stage i evidence: None (no patient staging information). | act evidence: None (no adjuvant chemotherapy annotation). | justification: Study uses cell lines, not clinical patient samples; no stage or treatment annotation.",meets survival criterion: No | meets stage or act criterion: No | justification: Fails to provide patient‐specific survival data and lacks any patient stage or adjuvant chemotherapy information.,No,False
samples_table_GSE242843.csv,,o4-mini-2025-04-16,"No | evidence: No patient-specific survival time or status provided; only cell line experiment metadata. | justification: Dataset describes microarray experiments on cell lines, not patient cohorts.","No | stage i evidence: Not applicable – no patient stage information. | act evidence: No adjuvant chemotherapy annotation present. | justification: Metadata pertains to cell lines undergoing transformation treatments, not clinical patient data.",meets survival criterion: No | meets stage or act criterion: No | justification: Lacks both survival endpoints and required clinical annotations (stage I or ACT).,No,False
samples_table_GSE160482.csv,,o4-mini-2025-04-16,"No | evidence: Dataset consists of cell‐line treatment replicates (GSM entries) with timepoints (day 0, 1, 7); no patient survival status or time fields. | justification: This is an in vitro lineage transformation study, not a clinical dataset with survival endpoints.","No | stage i evidence: None—no clinical staging information provided. | act evidence: None—no adjuvant chemotherapy annotation present. | justification: All samples are cell lines (H82, H2107) under inducible constructs, not patient tumors.",meets survival criterion: No | meets stage or act criterion: No | justification: Fails both criteria: lacks any survival data and lacks stage I or ACT annotation.,No,False
samples_table_GSE196499.csv,,o4-mini-2025-04-16,No | evidence: No mention of patient survival time or status in title or summary | justification: This is an in vitro siRNA-treated A549 cell line experiment with no clinical survival data.,No | stage i evidence: Not applicable – no patient cohort | act evidence: Not applicable – no adjuvant chemotherapy annotation | justification: Dataset comprises only cell line samples without clinical stage or treatment information.,meets survival criterion: No | meets stage or act criterion: No | justification: Fails both required criteria: lacks patient survival data and any clinical staging or treatment annotations.,No,False
samples_table_GSE67051.csv,,o4-mini-2025-04-16,No | evidence: No columns indicating patient survival time or status (only cell line treatment data). | justification: Dataset consists of in vitro cell line experiments without patient survival information.,No | stage i evidence: No patient stage information provided. | act evidence: No adjuvant chemotherapy annotation (only drug treatment of cell lines). | justification: This is not a clinical cohort; it lacks any patient staging or ACT data.,meets survival criterion: No | meets stage or act criterion: No | justification: Fails both criteria: no survival data and no patient stage or ACT annotation.,No,False
samples_table_GSE101929.csv,,o4-mini-2025-04-16,"Yes | evidence: Each sample has fields 'survival (days):', 'survival (months):', 'survival (years):' and 'death due to lung cancer (all years): Dead/Alive'. | justification: Patient-specific survival time and status (Dead/Alive) are provided for all samples.",Yes | stage i evidence: Approximately 54.5% (36/66) of samples are Stage I. | act evidence: None reported. | justification: More than half of the cohort are Stage I NSCLC and there is no explicit adjuvant chemotherapy annotation.,"meets survival criterion: Yes | meets stage or act criterion: Yes | justification: Dataset contains patient-level survival time and status, and >50% of patients are Stage I.",Yes,True
samples_table_GSE137445.csv,,o4-mini-2025-04-16,No | evidence: Dataset description and sample table contain only tissue type and histology; no survival times or status are reported. | justification: No overall or progression-free survival data provided.,No | stage i evidence: Stage information not provided for any sample. | act evidence: No adjuvant chemotherapy annotation present. | justification: Neither stage I composition nor ACT status is available.,meets survival criterion: No | meets stage or act criterion: No | justification: The dataset lacks both patient survival data and the required stage I or adjuvant chemotherapy annotations.,No,False
samples_table_GSE137479.csv,,o4-mini-2025-04-16,No | evidence: Dataset consists of A549 cell line expression profiling; no patient survival time or status provided. | justification: Only in vitro cell line data without any clinical survival annotations.,"No | stage i evidence: No staging information available (cell line study). | act evidence: No adjuvant chemotherapy annotation provided. | justification: This is an expression profiling of cell lines, not patient samples, so no stage or treatment data.",meets survival criterion: No | meets stage or act criterion: No | justification: The dataset lacks patient-specific survival data and clinical annotations (stage or ACT); it is an in vitro cell line study.,No,False
samples_table_GSE112376.csv,,o4-mini-2025-04-16,No | evidence: Dataset is an in vitro A549 cell line experiment with IR treatment; no patient survival time or status reported. | justification: Only cell line data without any clinical outcome measures.,No | stage i evidence: No clinical stage information; all samples are A549 cell line replicates. | act evidence: No adjuvant chemotherapy annotation present. | justification: Lacks both patient stage and ACT data.,meets survival criterion: No | meets stage or act criterion: No | justification: Dataset does not provide patient survival data nor meets stage I/ACT criteria.,No,False
samples_table_GSE94536.csv,,o4-mini-2025-04-16,"No | evidence: No columns for survival time or status such as OS, RFS, or PFS | justification: Dataset contains only clinical stage and ALK status, with no patient-specific survival data.","No | stage i evidence: 0 of 6 NSCLC patients are Stage I (4 Stage IV, 1 Stage IIIB, 1 Stage IV) | act evidence: No explicit adjuvant chemotherapy annotation present | justification: Less than 50% Stage I and no ACT information provided.",meets survival criterion: No | meets stage or act criterion: No | justification: Does not contain survival data and does not meet Stage I or ACT criteria.,No,False
samples_table_GSE71587.csv,,o4-mini-2025-04-16,"No | evidence: Dataset describes gene expression in cell lines (HCC4006, HCC4006ER); no patient survival times or status reported. | justification: No clinical follow-up or survival endpoint data are provided.",No | stage i evidence: No patient stage information; data derived from cultured NSCLC cell lines. | act evidence: No adjuvant chemotherapy annotation; resistance status refers to drug sensitivity in vitro. | justification: Neither stage I patient composition nor ACT annotation applies to cell line data.,meets survival criterion: No | meets stage or act criterion: No | justification: The dataset consists of in vitro cell line expression profiles without any patient-level survival or staging/ACT information; it fails both inclusion criteria.,No,False
samples_table_GSE60887.csv,,o4-mini-2025-04-16,No | evidence: No survival time/status columns; dataset describes cell line treatments only | justification: This is an in vitro A549 cell line study without patient survival data,No | justification: No patient stage information or adjuvant chemotherapy annotation—only cell line treatment conditions,"meets survival criterion: No | meets stage or act criterion: No | justification: Dataset lacks any clinical survival or stage/ACT annotations, as it profiles treated A549 cells rather than patient samples",No,False
samples_table_GSE7878.csv,,o4-mini-2025-04-16,"No | evidence: Sample annotations list stage, histology, age, gender but no survival time or status columns. | justification: Although the paper reports survival correlations, no patient-level OS/RFS/PFS data are present in the GEO metadata.",Yes | stage i evidence: 23 of 32 samples (∼72%) are T1N0 or T2N0 (Stage I). | act evidence: None | justification: Majority of samples are Stage I (>50%). No adjuvant chemotherapy annotation provided.,meets survival criterion: No | meets stage or act criterion: Yes | justification: Dataset lacks individual survival times/status but fulfills the ≥50% Stage I criterion.,No,False
samples_table_GSE188665.csv,,o4-mini-2025-04-16,"No | evidence: No survival time or status (OS, PFS) reported in dataset description. | justification: The dataset description and sample annotations only include histology and sample IDs, with no survival endpoints.",No | stage i evidence: No stage information reported. | act evidence: No adjuvant chemotherapy annotation present. | justification: The dataset contains only histologic subtype annotations without clinical stage or treatment details.,"meets survival criterion: No | meets stage or act criterion: No | justification: The dataset lacks both patient-specific survival data and either stage I composition or ACT annotation, failing inclusion criteria.",No,False
samples_table_GSE31799.csv,,o4-mini-2025-04-16,"No | evidence: No columns for survival time or status (e.g., OS, PFS) in the provided sample table. | justification: The dataset includes only expression sample identifiers and tumor subtypes without any survival data.",No | stage i evidence: No staging information provided for any sample. | act evidence: No adjuvant chemotherapy annotation present. | justification: Neither stage I composition nor ACT annotation is reported.,"meets survival criterion: No | meets stage or act criterion: No | justification: The dataset lacks both patient‐specific survival data and required stage or ACT information, failing all inclusion criteria.",No,False
samples_table_GSE49422.csv,,o4-mini-2025-04-16,"No | evidence: No survival time or status fields; dataset describes in vitro cell line experiments. | justification: This dataset profiles H1299 cell lines, not patient samples, so no patient-specific survival data are available.","No | stage i evidence: N/A (cell line data) | act evidence: N/A (no chemotherapy annotation) | justification: Dataset is derived from engineered cell lines, lacking any patient staging or adjuvant chemotherapy information.","meets survival criterion: No | meets stage or act criterion: No | justification: No patient survival data, no stage I sample proportion, and no ACT annotation present.",No,False
samples_table_GSE29249.csv,,o4-mini-2025-04-16,No | evidence: No columns for survival time or status; dataset only includes TNM staging and expression | justification: No patient-specific survival data provided.,"No | stage i evidence: All NSCLC samples have TNM codes corresponding to stage III (e.g., /4/1/0/, /4/2/0/, /4/0/0/, /2/3/0/, /2/2/0/, /3/2/0/), none are Stage I | act evidence: No adjuvant chemotherapy annotation present | justification: Neither >50% Stage I patients nor ACT annotation available",meets survival criterion: No | meets stage or act criterion: No | justification: Dataset lacks required survival data and does not meet stage I or ACT criteria,No,False
samples_table_GSE101862.csv,,o4-mini-2025-04-16,No | evidence: No fields for survival time or status in sample annotation (only treatment and tissue) | justification: Dataset consists of xenograft/control samples without any patient survival information.,"No | stage i evidence: No staging information provided | act evidence: No adjuvant chemotherapy annotation present | justification: Samples are experimental xenografts, not clinical patient samples with stage or treatment metadata.",meets survival criterion: No | meets stage or act criterion: No | justification: Fails both survival data and stage I/ACT criteria; experimental model data only.,No,False
samples_table_GSE84040.csv,,o4-mini-2025-04-16,No | evidence: Dataset contains only lung cancer cell lines (CL1-0) with overexpression conditions; no patient survival times or status provided. | justification: No patient-specific survival time or status data are present.,"No | stage i evidence: Not applicable—no patient samples or staging information. | act evidence: Not applicable—no treatment or chemotherapy annotations. | justification: Dataset is based on cell lines, so staging and ACT data are absent.",meets survival criterion: No | meets stage or act criterion: No | justification: Fails both inclusion criteria: lacks patient survival data and has no Stage I or adjuvant chemotherapy annotation.,No,False
samples_table_GSE101863.csv,,o4-mini-2025-04-16,"No | evidence: Dataset describes gene expression in HBEC-3KT cell lines treated with cigarette smoke condensate over time; no patient survival times or status reported. | justification: This is an in vitro cell line experiment, not a clinical cohort with survival outcomes.",No | stage i evidence: Not applicable | act evidence: Not applicable | justification: No patient stage information or adjuvant chemotherapy annotations are provided; only treatment durations in cell culture are described.,meets survival criterion: No | meets stage or act criterion: No | justification: Lacks any patient-level survival or stage/chemotherapy data required by inclusion criteria.,No,False
samples_table_GSE129692.csv,,o4-mini-2025-04-16,No | evidence: Provided sample annotations list cell lines and phenotypes; no survival time or status fields. | justification: Dataset is based on paired cell‐line resistant vs sensitive phenotypes and lacks patient‐level survival data.,"No | stage i evidence: None – no clinical stage annotations. | act evidence: None – chemotherapy annotation refers to in vitro drug exposure, not patient adjuvant treatment. | justification: Samples are cell lines and primary tumors without stage breakdown or adjuvant chemo labels.",meets survival criterion: No | meets stage or act criterion: No | justification: Fails both criteria: no patient survival data and no Stage I or adjuvant chemotherapy annotation.,No,False
samples_table_GSE40407.csv,,o4-mini-2025-04-16,"No | evidence: Study describes bronchial brushing time points after surgery; no overall survival or progression‐free survival data reported. | justification: Dataset focuses on molecular profiling at fixed time points, not on patient survival endpoints.","Unclear | stage i evidence: Described as early‐stage NSCLC, but no breakdown of stage I proportion. | act evidence: No adjuvant chemotherapy annotation present. | justification: Stage distribution unspecified and ACT status not annotated.",meets survival criterion: No | meets stage or act criterion: No | justification: Lacks patient‐level survival outcomes and does not meet stage I or ACT annotation criteria.,No,False
samples_table_GSE23361.csv,,o4-mini-2025-04-16,"No | evidence: No patient-specific survival time or status (OS, PFS, RFS) reported in summary or metadata | justification: Dataset focuses on platelet gene expression in metastatic NSCLC vs controls without any survival annotation.",No | stage i evidence: No staging information provided | act evidence: No adjuvant chemotherapy annotation present | justification: Neither stage composition nor ACT status is reported.,meets survival criterion: No | meets stage or act criterion: No | justification: Fails to report both required survival data and stage I or ACT information.,No,False
samples_table_GSE228049.csv,,o4-mini-2025-04-16,No | evidence: Dataset consists of NSCLC cell line expression profiles (H1975 and H1975OR) without any patient survival time or status. | justification: No clinical patient data; only in vitro cell line measurements.,"No | stage i evidence: None—no patient staging information. | act evidence: None—no adjuvant chemotherapy annotation. | justification: Study focuses solely on cell lines, not patient samples.","meets survival criterion: No | meets stage or act criterion: No | justification: Lacks both patient survival data and required stage I or ACT annotations, so does not meet inclusion criteria.",No,False
samples_table_GSE103512.csv,,o4-mini-2025-04-16,"No | evidence: No columns for survival time or status (e.g., OS, PFS) present in sample metadata. | justification: The dataset metadata lists clinical variables (e.g., age, stage) but does not include patient‐level survival duration or event status.","Yes | stage i evidence: Of 50 NSCLC tumor samples, 26 (52%) are stage I (IA or IB). | act evidence: No explicit adjuvant chemotherapy annotation present. | justification: Although no ACT field exists, a majority (>50%) of NSCLC samples are stage I.",meets survival criterion: No | meets stage or act criterion: Yes | justification: The dataset meets the stage I composition criterion (>50% stage I NSCLC) but fails to provide any survival time or status data.,No,False
samples_table_GSE116679.csv,,o4-mini-2025-04-16,No | evidence: No patient‐level survival time or status provided in the description or sample annotations | justification: This dataset reports gene expression of CAFs without accompanying survival outcomes,No | stage i evidence: Not reported | act evidence: Not reported | justification: No information on tumor stage distribution or adjuvant chemotherapy status,meets survival criterion: No | meets stage or act criterion: No | justification: Lacks both required survival data and stage I/ACT annotation,No,False
samples_table_GSE29250.csv,,o4-mini-2025-04-16,"No | evidence: No columns or fields indicating survival time or status (OS, PFS, DFS) in the dataset summary or sample annotations. | justification: The table only provides sample IDs, histology, gender, and TNM staging; no survival endpoints are reported.","No | stage i evidence: All NSCLC samples have Tnm codes /2–4/2–3/0/ or /4/0–2/0/, none are T1N0M0 (stage I). | act evidence: No mention of adjuvant chemotherapy treatment or annotation for any sample. | justification: Neither a majority of stage I patients nor explicit ACT labels are present.","meets survival criterion: No | meets stage or act criterion: No | justification: Fails to provide patient‐specific survival data and lacks both >50% stage I cases and any ACT annotation, so it does not meet inclusion criteria.",No,False
samples_table_GSE28827.csv,,o4-mini-2025-04-16,No | evidence: Summary states patients are available 'without clinical follow-up' | justification: Dataset does not report any survival time or status,No | stage i evidence: No stage information provided | act evidence: No adjuvant chemotherapy annotation provided | justification: Neither ≥50% stage I nor explicit ACT annotation is present,meets survival criterion: No | meets stage or act criterion: No | justification: Lacks required survival data and does not meet stage I or ACT criteria,No,False
samples_table_GSE54495.csv,,o4-mini-2025-04-16,"No | evidence: No survival time or status fields (OS, PFS, RFS) in sample annotations | justification: Dataset lacks any patient‐level survival annotation",No | stage i evidence: No stage information provided | act evidence: No adjuvant chemotherapy annotation present | justification: Neither >50% stage I composition nor ACT annotation is available,meets survival criterion: No | meets stage or act criterion: No | justification: Fails both required criteria: no survival data and no stage I/ACT information,No,False
samples_table_GSE43458.csv,,o4-mini-2025-04-16,"No | evidence: Dataset metadata and summary list only tissue type, histology, and smoking status; no survival time or status fields. | justification: No overall or progression-free survival information is provided in the title, summary, or sample annotations.",No | stage i evidence: No staging information in the sample annotations or summary. | act evidence: No adjuvant chemotherapy annotation present in any sample metadata. | justification: Only histology and smoking status are annotated; stage and treatment data are absent.,meets survival criterion: No | meets stage or act criterion: No | justification: The dataset lacks both required survival data and the necessary stage I or ACT annotations.,No,False
samples_table_GSE53893.csv,,o4-mini-2025-04-16,"No | evidence: In vitro H1299 cell line experiment; no patient survival time or status provided. | justification: Dataset describes cell culture conditions, not clinical patient data.",No | stage i evidence: Not applicable—no patient staging information. | act evidence: Not applicable—no adjuvant chemotherapy annotations. | justification: Dataset is an in vitro cell line study without clinical annotations.,meets survival criterion: No | meets stage or act criterion: No | justification: Lacks any patient-specific survival data and stage I/ACT annotations; does not meet inclusion criteria.,No,False
samples_table_GSE114694.csv,,o4-mini-2025-04-16,"No | evidence: Dataset consists of A549 cell line experiments with CNOT3 knockdown, no patient records. | justification: No patient-specific survival time or status are provided; this is an in vitro study.",No | stage i evidence: No information on patient stage; only cell line data. | act evidence: No adjuvant chemotherapy annotation; only doxycycline treatment of cells. | justification: Dataset lacks any clinical staging or ACT annotation.,meets survival criterion: No | meets stage or act criterion: No | justification: Does not provide patient survival data or relevant clinical annotations (stage I or ACT); therefore fails inclusion criteria.,No,False
samples_table_GSE19434.csv,,o4-mini-2025-04-16,"No | evidence: Dataset summary and sample table describe normal tissue methylation; no survival time or status reported. | justification: No mention of overall or progression‐free survival data in title, summary, or sample metadata.",No | stage i evidence: No staging information provided for any samples. | act evidence: No adjuvant chemotherapy annotation in the metadata. | justification: Samples are pathologically normal tissues without cancer stage or treatment data.,meets survival criterion: No | meets stage or act criterion: No | justification: Fails both required criteria: no survival data and no stage I or ACT annotation.,No,False
samples_table_GSE25326.csv,,o4-mini-2025-04-16,"Unclear | evidence: Columns labeled “time to recurrence or censorship (months)” present, but no explicit event status provided. | justification: Although recurrence‐free time is listed, there is no clear event/censoring indicator to confirm patient‐level survival data.",No | stage i evidence: No stage information provided for individual samples. | act evidence: No adjuvant chemotherapy annotation present. | justification: Dataset comprises pooled cell lines without clinical stage or therapy annotation.,meets survival criterion: No | meets stage or act criterion: No | justification: Fails to provide patient‐level survival status/time and lacks stage I composition or ACT annotation.,No,False
samples_table_GSE51854.csv,,o4-mini-2025-04-16,No | evidence: Dataset consists solely of miRNA transfection experiments in the SK-LC-7 cell line. | justification: No patient survival time or status data reported; only cell line profiling.,No | stage i evidence: None – no clinical staging information provided. | act evidence: None – no adjuvant chemotherapy annotation. | justification: Dataset lacks any clinical composition or treatment annotations.,meets survival criterion: No | meets stage or act criterion: No | justification: Fails both required criteria: no survival data and no stage I or adjuvant chemo information.,No,False
samples_table_GSE81644.csv,,o4-mini-2025-04-16,"No | evidence: Dataset comprises NSCLC cell lines (H358, A549, H2009, etc.) under treatment conditions; no patient survival times or status provided. | justification: In vitro cell line experiments do not include clinical survival data.","No | stage i evidence: No patient samples or staging information; all samples are established cell lines. | act evidence: No annotation of adjuvant chemotherapy; treatments refer to nutrient stress conditions, not clinical ACT. | justification: Dataset is non-clinical and lacks both staging and ACT annotations.",meets survival criterion: No | meets stage or act criterion: No | justification: Does not provide required patient survival data or meet clinical sample criteria (stage I majority or ACT annotation).,No,False
samples_table_GSE38404.csv,,o4-mini-2025-04-16,No | evidence: Dataset describes PC9 cell line replicates; no patient survival time or status provided. | justification: This is a preclinical cell line study without any clinical survival data.,No | stage i evidence: None – no patient staging information | act evidence: None – no adjuvant chemotherapy annotation | justification: Dataset lacks clinical stage I composition or explicit ACT information.,meets survival criterion: No | meets stage or act criterion: No | justification: Fails both criteria: no patient survival data and no stage I/ACT annotation.,No,False
samples_table_GSE108135.csv,,o4-mini-2025-04-16,No | evidence: No survival time or status fields in description or table | justification: This dataset is based on immortalized cell lines and does not include patient survival data,"No | stage i evidence: No staging information provided | act evidence: No adjuvant chemotherapy annotation | justification: Dataset comprises cell line experiments, not clinical samples with stage or treatment data",meets survival criterion: No | meets stage or act criterion: No | justification: Lacks both patient-specific survival data and criteria for stage I majority or ACT annotation,No,False
samples_table_GSE198446.csv,,o4-mini-2025-04-16,"No | evidence: All samples are NSCLC cell lines (H358, A549) with siRNA treatments; no patient survival time or status provided | justification: The dataset is derived from cell lines rather than patients, so no survival outcomes are available.","No | stage i evidence: Not applicable – no patient staging information | act evidence: Not applicable – no adjuvant chemotherapy annotation | justification: The dataset involves cell lines, so there is no stage I patient proportion or ACT annotation.",meets survival criterion: No | meets stage or act criterion: No | justification: Fails both inclusion criteria: lacks patient survival data and lacks any stage I or adjuvant chemotherapy annotation.,No,False
samples_table_GSE50627.csv,,o4-mini-2025-04-16,"No | evidence: Sample table lists only cell line identifiers and FACS‐sorted stem cell populations; no survival time or status fields. | justification: Dataset is derived from cell lines, not patient samples, and lacks any survival metrics.",No | stage i evidence: None | act evidence: None | justification: No clinical stage information or adjuvant chemotherapy annotation is provided; samples are all cell lines.,meets survival criterion: No | meets stage or act criterion: No | justification: The dataset uses NSCLC cell lines without any patient survival data or clinical annotations (stage I or ACT). It fails both inclusion criteria.,No,False
samples_table_GSE99143.csv,,o4-mini-2025-04-16,"No | evidence: Title, summary, and sample table include only plasma miRNA and resistance status; no survival time or status fields (OS, PFS, RFS) are provided. | justification: Dataset focuses on primary vs. secondary TKI resistance, not survival endpoints.",No | stage i evidence: No stage information provided. | act evidence: No adjuvant chemotherapy annotation provided. | justification: Neither stage I composition nor ACT status is reported.,meets survival criterion: No | meets stage or act criterion: No | justification: The dataset lacks both patient‐specific survival data and required stage I or ACT annotations.,No,False
samples_table_GSE43459.csv,,o4-mini-2025-04-16,No | evidence: Dataset consists of H441 cell line transfections; no patient survival time or status fields. | justification: This is an in vitro cell‐line experiment without any clinical survival data.,"No | stage i evidence: No patient staging information provided. | act evidence: No adjuvant chemotherapy annotation present. | justification: The dataset describes cell line treatments only, with no clinical stage or treatment annotations.",meets survival criterion: No | meets stage or act criterion: No | justification: Fails to include any patient‐level survival or staging/ACT data; it is a cell‐line study only.,No,False
samples_table_GSE53882.csv,,o4-mini-2025-04-16,No | evidence: Table shows only a binary “Survival” column (1/0) with no survival time reported. | justification: Inclusion criterion requires both patient-specific survival time and status; time data are missing.,"No | stage i evidence: No stage information provided in title, summary, or table. | act evidence: No adjuvant chemotherapy annotation in dataset. | justification: Neither stage distribution nor ACT status is reported.",meets survival criterion: No | meets stage or act criterion: No | justification: Lacks required survival time and does not report stage I proportion or adjuvant chemotherapy annotation.,No,False
samples_table_GSE28571.csv,,o4-mini-2025-04-16,"No | evidence: Metadata 'GPL570_Survival' provides only categorical short/long labels, with no numeric survival time or status indicators | justification: No explicit survival time or censoring status fields are present",No | stage i evidence: No staging information is provided in any sample metadata | act evidence: No adjuvant chemotherapy annotation is present | justification: Neither stage I composition nor ACT annotation can be assessed,meets survival criterion: No | meets stage or act criterion: No | justification: Dataset lacks both required survival time/status data and stage I / ACT information,No,False
samples_table_GSE29135.csv,,o4-mini-2025-04-16,Yes | evidence: Summary: association of miRNA expression profile with recurrence free survival (RFS) assessed using partial Cox regression models | justification: The study explicitly reports patient‐level RFS data used for prognostic modeling,"Yes | stage i evidence: Cohort comprises 357 stage I (IA/IB) NSCLC patients (100% stage I) | act evidence: No adjuvant chemotherapy annotation provided | justification: More than 50% (in fact all) patients are stage I, satisfying the stage criterion",meets survival criterion: Yes | meets stage or act criterion: Yes | justification: Dataset provides patient‐specific RFS data and exclusively includes stage I patients,Yes,False
samples_table_GSE35911.csv,,o4-mini-2025-04-16,No | evidence: No survival time/status fields; dataset is cell lines | justification: This dataset describes reprogrammed NSCLC cell lines with methylome and transcriptome data; no patient survival data present,"No | stage i evidence: None; no patient staging information | act evidence: None; no adjuvant chemotherapy annotation | justification: Dataset comprises cell lines, not clinical patient samples",meets survival criterion: No | meets stage or act criterion: No | justification: Lacks required patient-specific survival data and staging or ACT annotations,No,False
samples_table_GSE141479.csv,,o4-mini-2025-04-16,"No | evidence: Summary and sample annotations only report treatment response markers and pre/post nivolumab sampling; no OS, PFS, RFS, or survival status/time described. | justification: Dataset focuses on immune/metabolic biomarkers and response probability, not on survival follow-up.","No | stage i evidence: No stage I or staging information provided in title, summary, or sample metadata. | act evidence: No annotation of adjuvant chemotherapy; treatment field only specifies nivolumab pre/post. | justification: Dataset describes immunotherapy treatment and biomarker measurements, without stage distribution or ACT annotation.",meets survival criterion: No | meets stage or act criterion: No | justification: Fails survival criterion (no survival data) and fails stage/ACT criterion (no stage I majority or ACT annotation).,No,False
samples_table_GSE19592.csv,,o4-mini-2025-04-16,No | evidence: Dataset consists solely of H460 NSCLC cell lines with DUSP1 manipulation; no patient follow-up or survival time/status provided. | justification: This is an in vitro cell-line experiment without any clinical survival data.,No | stage i evidence: Not applicable – no patient samples or staging information. | act evidence: Not applicable – no adjuvant chemotherapy annotation. | justification: The dataset is limited to cell line gene expression; no clinical stage or treatment data are present.,meets survival criterion: No | meets stage or act criterion: No | justification: Fails both required criteria: lacks patient survival data and has no stage I or ACT annotations.,No,False
samples_table_GSE101673.csv,,o4-mini-2025-04-16,"No | evidence: No clinical or patient survival data present; dataset describes HBEC cell lines | justification: Dataset is cell line based, lacks patient survival time or status",No | stage i evidence: None | act evidence: None | justification: No patient stage or adjuvant chemotherapy information; dataset comprises in vitro treated HBEC cells,meets survival criterion: No | meets stage or act criterion: No | justification: Dataset lacks both required survival data and stage I or ACT annotation; does not meet inclusion criteria,No,False
samples_table_GSE201608.csv,,o4-mini-2025-04-16,"No | evidence: Dataset describes cell lines (NCI-H1975 and resistant derivatives), no patient survival times or status. | justification: Only in vitro cell line data; no clinical follow-up available.","No | stage i evidence: Not applicable; no patient staging information. | act evidence: Not applicable; no treatment annotation for adjuvant chemotherapy. | justification: Dataset is preclinical cell lines, not patient samples, so lacks stage or ACT data.",meets survival criterion: No | meets stage or act criterion: No | justification: Fails survival data requirement and lacks Stage I or adjuvant chemotherapy annotation.,No,False
samples_table_GSE31800.csv,,o4-mini-2025-04-16,No | evidence: No mention of patient survival time or status in the series description. | justification: Dataset contains only copy number and gene expression profiling without clinical survival information.,No | stage i evidence: No stage information provided. | act evidence: No adjuvant chemotherapy annotation. | justification: Neither staging nor treatment annotation is available.,meets survival criterion: No | meets stage or act criterion: No | justification: Dataset lacks both patient‐specific survival data and required stage I or adjuvant chemotherapy annotations.,No,False
samples_table_GSE36821.csv,,o4-mini-2025-04-16,"No | evidence: Data are from NSCLC cell lines (A549, H1650, H460, H1975) SP/MP populations | justification: No patient survival times or status reported","No | stage i evidence: N/A—no patient staging information | act evidence: N/A—no adjuvant chemotherapy annotation | justification: Dataset comprises only cell line expression profiles, no clinical data",meets survival criterion: No | meets stage or act criterion: No | justification: Lacks both patient‐level survival data and clinical stage/ACT annotations,No,False
samples_table_GSE3593.csv,,o4-mini-2025-04-16,"No | evidence: Only binary STATUS(0=alive, 1=dead) is provided; no survival time or duration column. | justification: Inclusion requires both survival time and status; here only status is present.","Unclear | stage i evidence: No explicit staging information provided in the sample annotations. | act evidence: Despite title mentioning adjuvant therapy, no per‐sample ACT annotation is present. | justification: Cannot verify ≥50% Stage I composition or ACT annotation from available data.",meets survival criterion: No | meets stage or act criterion: Unclear | justification: Missing survival time data fails Criterion 1; lack of stage or ACT details yields uncertainty for Criterion 2.,No,False
samples_table_GSE87026.csv,,o4-mini-2025-04-16,"No | evidence: No survival status or time columns (e.g., OS, PFS) present in the metadata. | justification: The dataset metadata lists only sample IDs, tumor subtype, and disease state; no survival information is provided.",No | stage i evidence: No stage information provided in the sample annotations. | act evidence: No adjuvant chemotherapy annotation present. | justification: The metadata describes only histologic subtypes without any stage or treatment details.,meets survival criterion: No | meets stage or act criterion: No | justification: The dataset does not include the required survival data or information on stage I status or adjuvant chemotherapy.,No,False
samples_table_GSE75307.csv,,o4-mini-2025-04-16,"No | evidence: Dataset describes gene expression in HCC827 cell line, no patient data provided | justification: No patient-specific survival time or status data available","No | stage i evidence: Not applicable—no patient staging | act evidence: Not applicable—no adjuvant chemotherapy annotation | justification: Dataset is in vitro cell line study, lacks clinical annotations",meets survival criterion: No | meets stage or act criterion: No | justification: Does not include any patient survival or staging/ACT information; inapplicable for clinical meta-analysis,No,False
samples_table_GSE19034.csv,,o4-mini-2025-04-16,"No | evidence: No fields for OS, PFS, RFS, survival time, or status in sample annotations | justification: Dataset contains only molecular profiling (MP, aCGH) without clinical follow-up data",No | stage i evidence: None – only “adenocarcinoma” disease state listed | act evidence: None – no chemotherapy annotation | justification: No indication of patient stage or adjuvant chemotherapy in metadata,meets survival criterion: No | meets stage or act criterion: No | justification: Fails both required criteria: lacks survival data and lacks stage I or ACT annotation,No,False
samples_table_GSE38944.csv,,o4-mini-2025-04-16,No | evidence: Dataset comprises microarray profiles of A549 and H1650 cell lines; no patient-level survival time or status provided. | justification: This is an in vitro cell line study without any clinical survival endpoints.,"No | stage i evidence: Not applicable – samples are cell lines, not patient tumor stages. | act evidence: No annotation for adjuvant chemotherapy in sample metadata. | justification: No patient stage information or ACT treatment data present.",meets survival criterion: No | meets stage or act criterion: No | justification: Fails to provide patient survival data and lacks both stage I patient composition and ACT annotation.,No,False
samples_table_GSE155157.csv,,o4-mini-2025-04-16,No | evidence: No mention of patient survival status or time; only cell line phenotypes reported. | justification: This is an in vitro cell line dataset without any clinical survival data.,No | stage i evidence: None | act evidence: None | justification: Dataset comprises only lung cancer cell lines; no patient stage or adjuvant chemotherapy annotations.,meets survival criterion: No | meets stage or act criterion: No | justification: Lacks both patient-level survival information and required clinical annotations (stage I or ACT).,No,False
samples_table_GSE103891.csv,,o4-mini-2025-04-16,"No | evidence: Only A549 cell line samples with TRIB3-shRNA or control-shRNA; no patient survival data provided | justification: This is an in vitro cell line expression study, not patient data","No | stage i evidence: No patient stage information present | act evidence: No adjuvant chemotherapy annotation | justification: Dataset consists solely of cell line experiments, not clinical patient samples",meets survival criterion: No | meets stage or act criterion: No | justification: Lacks both patient-specific survival data and any clinical staging or treatment annotation,No,False
samples_table_GSE135304.csv,,o4-mini-2025-04-16,"No | evidence: No columns for survival time or status (OS, PFS) present | justification: Dataset provides demographic and nodule characteristics but no follow-up or survival endpoints",No | stage i evidence: Cancer stage field shows mixed stages with unclear proportion of Stage I; likely <50% Stage I NSCLC | act evidence: No explicit adjuvant chemotherapy annotation provided | justification: Does not satisfy >50% Stage I requirement and lacks ACT labels,meets survival criterion: No | meets stage or act criterion: No | justification: Missing essential survival data and fails stage I/ACT inclusion criteria,No,False
samples_table_GSE20304.csv,,o4-mini-2025-04-16,"No | evidence: All samples are from NSCLC cell lines (A549, H1299, CL1-1); no patient survival time or status provided. | justification: This is a ChIP-chip experiment on cell lines, not a clinical cohort with survival data.","No | stage i evidence: None – no patient staging information. | act evidence: None – no adjuvant chemotherapy annotation. | justification: Dataset comprises cell line treatments, not patient samples, so neither criterion is met.",meets survival criterion: No | meets stage or act criterion: No | justification: The dataset lacks both patient survival data and the required clinical annotations (stage I proportion or ACT annotation).,No,False
samples_table_GSE67729.csv,,o4-mini-2025-04-16,"No | evidence: Dataset describes tumor-derived cultured cell lines (A549) and treatments, no patient survival time or status provided. | justification: Data originate from in vitro cell line experiments, not clinical patient follow-up.","No | stage i evidence: None (no patient staging information). | act evidence: None (no adjuvant chemotherapy annotation for patients). | justification: Only cell line treatments (cisplatin), no clinical stage or ACT details.",meets survival criterion: No | meets stage or act criterion: No | justification: Fails survival data requirement and has neither stage I patient composition nor ACT annotation.,No,False
samples_table_GSE45403.csv,,o4-mini-2025-04-16,"No | evidence: Dataset consists of cell line experiments (A549, H1299) with irradiation time points, no patient survival time/status provided. | justification: No patient-specific survival or censoring data; data are in vitro experiments.","No | stage i evidence: Not applicable—no patient staging information. | act evidence: Not applicable—no adjuvant chemotherapy annotation. | justification: Dataset describes cell line treatments, no clinical stage or treatment annotations.",meets survival criterion: No | meets stage or act criterion: No | justification: Fails both required criteria: lacks patient survival data and clinical stage/ACT annotation.,No,False
samples_table_GSE127462.csv,,o4-mini-2025-04-16,No | evidence: No survival time or status fields are mentioned in the summary or sample table. | justification: The dataset description and sample annotations contain only tissue and sample IDs; no patient survival data are provided.,"No | justification: Samples are from follicular lymphoma lymph node biopsies, not NSCLC; no stage I or adjuvant chemotherapy annotation present.",meets survival criterion: No | meets stage or act criterion: No | justification: Does not include required NSCLC survival data or stage I/ACT information; not an NSCLC cohort.,No,False
samples_table_GSE31625.csv,,o4-mini-2025-04-16,No | evidence: Dataset consists of NSCLC cell lines with EGFR inhibitor sensitivity data; no patient survival time or status is reported. | justification: Only cell line experiments are included; no clinical survival endpoints are present.,No | stage i evidence: No patient staging information provided; dataset contains only cell lines. | act evidence: No adjuvant chemotherapy annotation; data show Erlotinib sensitivity but not ACT. | justification: Dataset lacks any patient-level clinical staging or ACT treatment annotation.,meets survival criterion: No | meets stage or act criterion: No | justification: Dataset does not include required clinical survival data or patient-level staging/ACT annotation; only laboratory cell lines are profiled.,No,False
samples_table_GSE39279.csv,,o4-mini-2025-04-16,"Yes | evidence: The GPL13534_Recurrence column contains entries like “time_rec (years): 3.79”, indicating recurrence‐free survival time. | justification: Patient-level recurrence-free survival times are provided.","Yes | stage i evidence: A GPL13534_Stage column lists I–IV stage for each patient (many I). | act evidence: The GPL13534_Adjuvant chemotherapy column contains explicit yes/no annotation. | justification: Although the exact percentage of stage I is unclear, the dataset provides explicit adjuvant chemotherapy annotation, satisfying the criterion.","meets survival criterion: Yes | meets stage or act criterion: Yes | justification: The dataset includes patient-level recurrence‐free survival times and explicit adjuvant chemotherapy annotation, fulfilling both inclusion criteria.",Yes,True
samples_table_GSE51853.csv,,o4-mini-2025-04-16,"No | evidence: Neither the study summary nor the sample annotations include patient survival time or status data. | justification: No fields or descriptions for OS, PFS, RFS, or other survival endpoints are provided.",Unclear | stage i evidence: No stage I or any staging information present in sample metadata. | act evidence: No adjuvant chemotherapy annotations in the dataset. | justification: The dataset lacks both staging and treatment (ACT) details required to assess these criteria.,meets survival criterion: No | meets stage or act criterion: No | justification: Fails to meet the survival-data criterion and provides no information on stage I composition or ACT annotation.,No,False
samples_table_GSE51852.csv,,o4-mini-2025-04-16,No | evidence: Study summary and sample table contain no mention of patient survival time or status | justification: No clinical follow-up or survival endpoints are provided,No | stage i evidence: No information on tumor stage distribution | act evidence: No annotation of adjuvant chemotherapy status | justification: Neither majority stage I patients nor ACT annotations are present,meets survival criterion: No | meets stage or act criterion: No | justification: Dataset lacks both required survival data and stage I/ACT composition,No,False
samples_table_GSE81642.csv,,o4-mini-2025-04-16,"No | evidence: Dataset consists of NSCLC cell line experiments (H460, A549, H358, H2009); no patient survival time or status provided. | justification: No clinical survival data present; only in vitro cell line measurements under glutamine conditions.","No | stage i evidence: No patient stage information; entries are cell lines, not patient samples. | act evidence: No adjuvant chemotherapy annotation; experiments use shRNA and glutamine concentration without ACT context. | justification: Includes only in vitro cell line data without clinical staging or treatment annotations.",meets survival criterion: No | meets stage or act criterion: No | justification: Dataset lacks both patient-level survival data and criteria for stage I or ACT annotation.,No,False
samples_table_GSE18842.csv,,o4-mini-2025-04-16,"No | evidence: No mention of patient survival time or status (OS, PFS, RFS) in title, summary, or sample table. | justification: The dataset description does not include any survival endpoints or follow-up data.","Unclear | stage i evidence: Samples are described at different disease stages and mention of stage IA adenocarcinomas, but no breakdown of stage I proportion. | act evidence: No adjuvant chemotherapy annotation provided. | justification: While stage is referenced, the proportion of stage I cases is not specified and ACT status is not annotated.","meets survival criterion: No | meets stage or act criterion: Unclear | justification: Fails the survival criterion, and stage I composition or ACT annotation cannot be confirmed.",No,False
samples_table_GSE166749.csv,,o4-mini-2025-04-16,No | evidence: Dataset consists of A549 cell line siRNA treatments; no patient survival times or status provided. | justification: This is an in vitro cell line experiment without any clinical survival endpoints.,No | stage i evidence: No clinical stage information; only A549 cell line. | act evidence: No adjuvant chemotherapy annotations; treatments are siRNA controls. | justification: There is no patient cohort to assess stage I proportion or chemotherapy exposure.,"meets survival criterion: No | meets stage or act criterion: No | justification: The dataset lacks patient-specific survival data and has no staging or adjuvant chemotherapy annotations, thus failing both inclusion criteria.",No,False
samples_table_GSE72197.csv,,o4-mini-2025-04-16,"No | evidence: Dataset contains gene expression profiles of PC-9 and PC-9GR cell lines only, with no patient records or survival fields. | justification: Only cell line data present; no patient-specific survival time or status.",No | stage i evidence: Not applicable; no clinical patient data or staging information. | act evidence: Not applicable; no adjuvant chemotherapy annotations for patients. | justification: Dataset comprises in vitro cell line phenotypes without clinical stage or treatment annotations.,meets survival criterion: No | meets stage or act criterion: No | justification: Fails survival criterion (no patient survival data) and fails stage/ACT criterion (no clinical annotations).,No,False
samples_table_GSE189270.csv,,o4-mini-2025-04-16,"No | evidence: Dataset comprises gene expression and aCGH profiling of NSCLC cell lines (NCI-H1581, NCI-H1703) with sensitivity/resistance to FGFR inhibitor; no patient survival data. | justification: In vitro cell line study without patient survival times or status.",No | stage i evidence: No information on tumor stage; cell lines only. | act evidence: No adjuvant chemotherapy annotations; only drug sensitivity/resistance status. | justification: Lacks clinical staging and ACT data.,meets survival criterion: No | meets stage or act criterion: No | justification: Does not provide patient survival data or meet stage I/ACT annotation requirements.,No,False
samples_table_GSE93157.csv,,o4-mini-2025-04-16,Yes | evidence: Columns 'Pfs' (time) and 'Pfse' (event status) | justification: Progression‐free survival time and event status are provided for each patient.,No | stage i evidence: No stage information provided | act evidence: No explicit adjuvant chemotherapy annotation | justification: The dataset lacks both staging data and any annotation for adjuvant chemotherapy.,"meets survival criterion: Yes | meets stage or act criterion: No | justification: Survival data are available, but there is no indication of ≥50% stage I patients or any adjuvant chemotherapy annotation.",No,False
samples_table_GSE136131.csv,,o4-mini-2025-04-16,"No | evidence: GSM records describe A549 cell lines with siControl or siP1, no patient survival time or status fields | justification: The dataset comprises in vitro cell line experiments without any patient-level survival metrics",No | stage i evidence: None – no patient stage annotations | act evidence: None – no adjuvant chemotherapy annotations | justification: This is a preclinical cell line study and contains no clinical stage or treatment data,"meets survival criterion: No | meets stage or act criterion: No | justification: Dataset lacks both survival outcomes and clinical staging or chemotherapy details, so fails all inclusion criteria",No,False
samples_table_GSE16559.csv,,o4-mini-2025-04-16,"No | evidence: No survival time or status (OS, PFS, RFS) fields described | justification: Dataset focuses on DNA methylation and tumor classification; no follow-up or survival data provided",No | stage i evidence: Stage information not reported | act evidence: Adjuvant chemotherapy annotation not reported | justification: No stage I proportion or ACT annotation available,meets survival criterion: No | meets stage or act criterion: No | justification: Dataset lacks both patient‐level survival data and stage I or ACT annotations,No,False
samples_table_GSE47059.csv,,o4-mini-2025-04-16,No | evidence: Dataset consists of in vitro A549 lung adenocarcinoma cell line experiments; no patient survival time or status provided. | justification: This is a cell line study without any clinical survival endpoints.,"No | stage i evidence: None – no patient staging information present. | act evidence: None – no adjuvant chemotherapy annotation available. | justification: The dataset describes cell line treatments, not clinical patient data with stage or treatment annotations.",meets survival criterion: No | meets stage or act criterion: No | justification: Fails to provide patient-specific survival data and lacks stage I or ACT annotations; does not meet any inclusion criteria.,No,False
samples_table_GSE7035.csv,,o4-mini-2025-04-16,"No | evidence: Dataset consists of A549 NSCLC cell line treatments, no patient data. | justification: Only in vitro cell line experiments; no patient survival time or status provided.",No | stage i evidence: No clinical stage annotations; only cell line samples. | act evidence: No adjuvant chemotherapy annotation; only in vitro drug treatments. | justification: This is a preclinical cell line study without patient-level stage or ACT data.,meets survival criterion: No | meets stage or act criterion: No | justification: Lacks both patient survival information and clinical stage/ACT annotations; fails all inclusion criteria.,No,False
samples_table_GSE30979.csv,,o4-mini-2025-04-16,"No | evidence: No columns or description of patient survival time or status (OS, PFS, RFS) in the summary or sample table. | justification: Dataset focuses on ex vivo hypoxic vs normoxic tumor fragments without any survival annotations.",No | stage i evidence: No information on tumor stage in the description or sample metadata. | act evidence: No annotation of adjuvant chemotherapy treatment in the sample metadata. | justification: Neither stage I composition nor ACT status is provided.,meets survival criterion: No | meets stage or act criterion: No | justification: Fails to meet required survival data criterion and lacks stage I or ACT annotations.,No,False
samples_table_GSE80316.csv,,o4-mini-2025-04-16,No | evidence: Dataset describes PC9 cell line treatments; no patient survival time or status provided. | justification: This is an in vitro cell line study without any patient-specific survival data.,No | stage i evidence: None—no patient staging information | act evidence: None—no adjuvant chemotherapy annotation | justification: No clinical patient data present to assess stage or ACT status.,meets survival criterion: No | meets stage or act criterion: No | justification: Fails both required criteria: lacks patient survival data and lacks clinical stage I or ACT annotations; it is a cell‐line experiment.,No,False
samples_table_GSE69563.csv,,o4-mini-2025-04-16,No | evidence: Dataset consists solely of H1299 cell line expression profiles; no patient survival annotations. | justification: No clinical survival time or status data are provided.,No | stage i evidence: Not applicable—no patient samples or staging information. | act evidence: Not applicable—no adjuvant chemotherapy annotations. | justification: This is an in vitro cell line study with no patient stage or treatment data.,meets survival criterion: No | meets stage or act criterion: No | justification: The dataset lacks both patient survival outcomes and any staging or chemotherapy treatment annotations.,No,False
samples_table_GSE79228.csv,,o4-mini-2025-04-16,"No | evidence: This is an in vitro study of NCI-H292 cell line gene expression, with no patient survival time or status provided. | justification: No clinical patient data; only cell line transcriptomic data.","No | stage i evidence: Dataset describes NCI-H292 cell line, not patient stage. | act evidence: No adjuvant chemotherapy annotation present. | justification: No patient cohort; purely cell line experiment without stage or ACT information.",meets survival criterion: No | meets stage or act criterion: No | justification: Fails both criteria—no survival data and no stage I or ACT annotation—since it is a cell line study.,No,False
samples_table_GSE223395.csv,,o4-mini-2025-04-16,"No | evidence: No survival time or status (e.g., OS, PFS) reported in title, summary, or sample annotations. | justification: The dataset comprises phase I trial biopsy data without patient‐level survival endpoints.",No | stage i evidence: None | act evidence: None | justification: No staging information or explicit adjuvant chemotherapy annotation is provided.,meets survival criterion: No | meets stage or act criterion: No | justification: Fails both inclusion criteria: lacks survival data and lacks ≥50% stage I or ACT annotations.,No,False
samples_table_GSE43567.csv,,o4-mini-2025-04-16,"No | evidence: No patient-specific survival time or status fields—only cell line IDs and reference mix described | justification: This is an in vitro transcriptional profiling of cell lines, not a clinical dataset with survival annotations",No | stage i evidence: No stage information provided for cell lines | act evidence: No adjuvant chemotherapy annotations present | justification: Dataset comprises NSCLC cell lines without clinical staging or treatment data,meets survival criterion: No | meets stage or act criterion: No | justification: Fails to provide any survival outcomes or clinical stage/ACT annotations; not eligible per inclusion criteria,No,False
samples_table_GSE126043.csv,,o4-mini-2025-04-16,"No | evidence: No columns for survival time or status (e.g., OS, PFS) in provided data. | justification: Dataset only reports treatment status (pre-treatment) and response (responder/non-responder), not survival endpoints.",No | stage i evidence: No stage information provided. | act evidence: No adjuvant chemotherapy annotation present. | justification: Dataset lacks both staging and ACT annotations.,meets survival criterion: No | meets stage or act criterion: No | justification: Does not include survival data or meet either stage I majority or ACT annotation criteria.,No,False
samples_table_GSE93586.csv,,o4-mini-2025-04-16,"No | evidence: Summary describes cell line subpopulations (PC14), no patient OS/PFS data | justification: This is an in vitro study on NSCLC cell lines without any patient survival information","No | stage i evidence: Not applicable—no patient staging reported | act evidence: No adjuvant chemotherapy annotation present | justification: Study involves cell lines, not clinical samples with stage or treatment data",meets survival criterion: No | meets stage or act criterion: No | justification: The dataset lacks both patient-specific survival data and clinical annotations for stage or adjuvant chemotherapy,No,False
samples_table_GSE24502.csv,,o4-mini-2025-04-16,"No | evidence: No patient-specific survival time or status fields (e.g., OS, PFS) present in the metadata | justification: Dataset describes methylation profiling without any survival annotations",No | stage i evidence: No staging information provided | act evidence: No adjuvant chemotherapy annotation | justification: Neither stage I composition nor ACT status is annotated in the dataset,meets survival criterion: No | meets stage or act criterion: No | justification: The dataset lacks required survival data and stage I/ACT metadata,No,False
samples_table_GSE58542.csv,,o4-mini-2025-04-16,"No | evidence: Dataset contains cell line technical replicates only, no patient survival information | justification: Data are from H358 NSCLC cell line experiments, not patient cohorts, so no OS/PFS data",No | stage i evidence: Not applicable—no patient staging data | act evidence: Not applicable—no adjuvant chemotherapy annotation | justification: This is a cell line study without clinical annotations,meets survival criterion: No | meets stage or act criterion: No | justification: The dataset lacks any patient-level survival or staging/ACT annotations; it does not meet inclusion criteria,No,False
samples_table_GSE15126.csv,,o4-mini-2025-04-16,"No | evidence: Dataset comprises gene expression in cancer cell lines, no patient survival time/status provided. | justification: No clinical follow-up or survival annotations—only in vitro cell line data.",No | stage i evidence: None—no patient staging information. | act evidence: None—no adjuvant chemotherapy annotation. | justification: Only cell line models reported; no clinical stage or treatment data.,meets survival criterion: No | meets stage or act criterion: No | justification: Fails both required criteria: lacks patient survival data and any stage I or ACT annotation.,No,False
samples_table_GSE146601.csv,,o4-mini-2025-04-16,"No | evidence: Dataset is based on in vitro lung cancer cell lines with antagomir transfection; no patient survival time or status provided | justification: Cell‐line experiment, not patient cohort",No | stage i evidence: None (no patient staging information) | act evidence: None (no adjuvant chemotherapy annotation) | justification: No clinical staging or ACT data—only cell‐line transfection details,meets survival criterion: No | meets stage or act criterion: No | justification: Lacks both patient survival data and either stage I majority or ACT annotation,No,False
samples_table_GSE102286.csv,,o4-mini-2025-04-16,"Unclear | evidence: Characteristics column lists “survival (months): X” for each patient | justification: Survival time is provided but no explicit event/status (e.g., alive vs. deceased) is annotated","Yes | stage i evidence: A majority of unique patients (e.g., IDs 10097, 10146, 10174, 10419, 10444, 11344, 11568, 11671, 11697, 11787, …) are annotated as Stage I (>50%) | act evidence: No explicit adjuvant chemotherapy annotation present | justification: Over half of the patients are Stage I, meeting the stage‐composition criterion","meets survival criterion: No | meets stage or act criterion: Yes | justification: Dataset fulfills the Stage I proportion requirement but lacks explicit survival status annotation, so it fails the survival criterion",No,False
samples_table_GSE66245.csv,,o4-mini-2025-04-16,"No | evidence: Dataset lists only cell line experiments (H82, H460, A549, etc.) with treatments, no patient survival time or status fields. | justification: No patient-specific OS, PFS, or RFS data provided.","No | stage i evidence: No sample composition by patient stage; all entries are cell lines, not clinical specimens. | act evidence: Treatment labels (FBS, GCRA, COMB, shBRG1) refer to in vitro conditions, not adjuvant chemotherapy annotation. | justification: No patient stage I proportion or explicit ACT annotation.",meets survival criterion: No | meets stage or act criterion: No | justification: Dataset contains only lung cancer cell line treatment experiments with no survival or clinical stage/ACT data. Does not satisfy either inclusion criterion.,No,False
samples_table_GSE5816.csv,,o4-mini-2025-04-16,No | evidence: Dataset consists entirely of NSCLC and bronchial epithelial cell lines; no patient-level follow-up data provided. | justification: Only in vitro cell line experiments are described; no survival time or status fields.,No | stage i evidence: No staging information present; samples are cell lines. | act evidence: No adjuvant chemotherapy annotation; treatments are in vitro 5-aza demethylation experiments. | justification: No clinical stage or ACT data available.,"meets survival criterion: No | meets stage or act criterion: No | justification: This study is a cell line methylation screen lacking any patient survival, staging, or adjuvant therapy annotations.",No,False
samples_table_GSE198958.csv,,o4-mini-2025-04-16,"Yes | evidence: Columns ‘event (pd)’, ‘dfs (months)’, ‘os (months)’ present | justification: Dataset provides progression‐free survival (DFS) time, overall survival (OS) time, and event status","No | stage i evidence: 28 of 67 patients (≈42%) are Stage I (IA/IB), below 50% threshold | act evidence: Treatment field shows only ‘Resection’, no adjuvant chemotherapy annotation | justification: Less than half of samples are Stage I and no explicit ACT annotation","meets survival criterion: Yes | meets stage or act criterion: No | justification: Although survival times and status are available, the cohort does not meet the ≥50% Stage I requirement and lacks ACT annotation",No,False
samples_table_GSE84799.csv,,o4-mini-2025-04-16,"No | evidence: No columns for overall survival (OS), progression‐free survival (PFS), relapse‐free survival (RFS) or survival status. | justification: Dataset is single‐cell RNA-seq immunophenotyping; no patient follow-up or event/time data are provided.","No | stage i evidence: Among 29 NSCLC cases with a reported stage, only 10 (≈34%) are Stage I (IA/IB). | act evidence: No annotation for adjuvant chemotherapy is present. | justification: Fails to meet ≥50% Stage I threshold and lacks explicit ACT data.",meets survival criterion: No | meets stage or act criterion: No | justification: The dataset provides neither survival time/status nor meets the ≥50% Stage I or ACT annotation requirement.,No,False
samples_table_GSE168466.csv,,o4-mini-2025-04-16,"No | evidence: Dataset sample table only lists sample IDs, tissue type, histological subtype; no survival time or status fields. | justification: This is a molecular classification dataset without any follow-up or survival annotations.",No | stage i evidence: No staging information provided. | act evidence: No treatment or adjuvant chemotherapy annotations. | justification: Dataset lacks any clinical stage or ACT data.,meets survival criterion: No | meets stage or act criterion: No | justification: Fails both inclusion criteria: no survival data and no stage I or ACT annotation.,No,False
samples_table_GSE252795.csv,,o4-mini-2025-04-16,No | evidence: Dataset consists of cell line samples (NCI-H1299 and its cisplatin-resistant derivative) with no patient survival information. | justification: No patient survival time or status present.,"No | stage i evidence: Dataset comprises only cell lines, no patient staging. | act evidence: No adjuvant chemotherapy annotations for patients; resistance in cell lines is not equivalent to ACT annotation. | justification: No patient cohort information regarding stage I or ACT.","meets survival criterion: No | meets stage or act criterion: No | justification: Dataset is cell line expression profiling without patient-level clinical data, failing both survival and staging/ACT criteria.",No,False
samples_table_GSE38310.csv,,o4-mini-2025-04-16,No | evidence: Dataset comprises only NSCLC cell lines and resistant subclones; no patient survival time or status provided | justification: Only in vitro cell line experiments; no clinical survival data,"No | stage i evidence: No patient staging information available | act evidence: Treatments are in vitro drug exposures, not clinical adjuvant chemotherapy annotations | justification: Dataset lacks any patient clinical staging or explicit adjuvant chemotherapy records",meets survival criterion: No | meets stage or act criterion: No | justification: Absence of patient survival data and absence of clinical stage I or adjuvant chemotherapy annotation means criteria are not met,No,False
samples_table_GSE37745.csv,,o4-mini-2025-04-16,Yes | evidence: Columns 'GPL570_Dead' and 'GPL570_Days to determined death status' | justification: These fields provide patient‐specific survival status and time.,"Yes | stage i evidence: Individual tumor stages (e.g. 1a, 1b) are provided but overall proportion of stage I not summarized | act evidence: Column 'GPL570_Adjuvant treatment' specifies adjuvant chemotherapy annotation | justification: While stage I fraction is not aggregated, explicit ACT annotation is present.","meets survival criterion: Yes | meets stage or act criterion: Yes | justification: Dataset includes patient‐level survival data and explicit adjuvant chemotherapy annotation, satisfying both inclusion criteria.",Yes,True
samples_table_GSE12472.csv,,o4-mini-2025-04-16,Yes | evidence: Columns 'GPL1708_Dead/alive at last follow-up' and 'GPL1708_Survival as from surgery' for tumor (SCC) samples | justification: Tumor samples include per‐patient survival status and follow‐up time,"Yes | stage i evidence: Of 35 SCC samples, 23 are Stage I (IA/IB) (~66%) | act evidence: No explicit adjuvant chemotherapy annotation provided | justification: Dataset meets ≥50% Stage I sample criterion",meets survival criterion: Yes | meets stage or act criterion: Yes | justification: Contains patient‐level survival data and majority of tumor samples are Stage I,Yes,False
samples_table_GSE2003.csv,,o4-mini-2025-04-16,No | evidence: Dataset consists exclusively of cancer cell line microarrays without any patient survival time or status data. | justification: No clinical follow-up data are provided; only cell line expression profiles are included.,"No | stage i evidence: No staging information provided for cell lines. | act evidence: No adjuvant chemotherapy annotation present. | justification: Dataset contains in vitro cell lines, not patient samples with clinical stage or treatment data.",meets survival criterion: No | meets stage or act criterion: No | justification: Fails both required criteria: lacks patient survival data and any stage I or ACT annotations.,No,False
samples_table_GSE99870.csv,,o4-mini-2025-04-16,No | evidence: No survival time or status fields in sample metadata | justification: Dataset consists solely of pre- and post-operation plasma expression profiles without patient survival endpoints.,No | stage i evidence: Stage not reported | act evidence: No adjuvant chemotherapy annotation | justification: Neither staging information nor ACT treatment data are provided.,meets survival criterion: No | meets stage or act criterion: No | justification: Dataset lacks required survival outcomes and does not meet stage I or ACT annotation criteria.,No,False
samples_table_GSE63074.csv,,o4-mini-2025-04-16,No | evidence: No columns for survival time or status in the sample annotation | justification: Dataset contains only technical replicate and specimen processing metadata without any patient survival information,No | stage i evidence: No stage annotations provided | act evidence: No adjuvant chemotherapy annotation present | justification: Sample metadata do not report clinical stage or chemotherapy treatment,meets survival criterion: No | meets stage or act criterion: No | justification: Fails to provide any patient‐specific survival data and lacks stage or ACT information,No,False
samples_table_GSE4869.csv,,o4-mini-2025-04-16,No | evidence: Dataset describes H460 lung cancer cell line subpopulations; no patient survival time or status fields. | justification: This is an in vitro cell line study without any clinical follow-up data.,"No | stage i evidence: N/A | act evidence: N/A | justification: No patient cohort, staging, or adjuvant chemotherapy annotations are present.",meets survival criterion: No | meets stage or act criterion: No | justification: Fails both survival data and stage I/ACT criteria—only cell line data are provided.,No,False
samples_table_GSE138092.csv,,o4-mini-2025-04-16,"No | evidence: No patient survival time or event status (OS, PFS, RFS) reported in the summary or sample annotations. | justification: The study focuses on CSF microRNA profiling and does not include any survival follow-up data.","No | stage i evidence: No staging breakdown; samples are classified by CNS tumor status (LM, BM, BT, controls). | act evidence: No information on adjuvant chemotherapy annotation provided. | justification: Dataset lacks both percentage of stage I NSCLC patients and explicit ACT annotations.",meets survival criterion: No | meets stage or act criterion: No | justification: Dataset does not provide survival data nor meet the stage I or ACT annotation requirement.,No,False
samples_table_GSE104757.csv,,o4-mini-2025-04-16,No | evidence: Dataset consists solely of NSCLC cell line expression profiles under chemical treatment; no patient survival time or status provided. | justification: This is an in vitro cell-line study without any clinical follow-up or survival endpoints.,"No | stage i evidence: Not applicable—no patient cohort or staging information present. | act evidence: No annotation of adjuvant chemotherapy for patients; treatment refers to chemical perturbation of cell lines. | justification: Study is based on cell lines, not patient samples, so neither stage I proportion nor ACT annotation criteria are met.",meets survival criterion: No | meets stage or act criterion: No | justification: Lacks both patient‐level survival data and clinical stage/ACT annotations—focuses entirely on cell line experiments.,No,False
samples_table_GSE17681.csv,,o4-mini-2025-04-16,"No | evidence: Metadata only lists sample IDs, source names, and class labels (lung tumor vs control); no survival time/status fields. | justification: No overall or progression‐free survival data are provided.",No | stage i evidence: None—no stage information provided. | act evidence: None—no adjuvant chemotherapy annotation present. | justification: Dataset lacks both stage I composition and any ACT annotation.,meets survival criterion: No | meets stage or act criterion: No | justification: Fails both required criteria: no survival data and no stage I or ACT annotation.,No,False
samples_table_GSE126045.csv,,o4-mini-2025-04-16,"No | evidence: No columns for overall survival, progression-free survival, or survival status | justification: Dataset only reports treatment response (responder/non-responder), not survival time or status.",No | stage i evidence: None (no staging information provided) | act evidence: None (no adjuvant chemotherapy annotation) | justification: No indication of patient stage or adjuvant chemotherapy in the sample metadata.,meets survival criterion: No | meets stage or act criterion: No | justification: Fails to provide survival data and lacks >50% stage I or ACT annotations.,No,False
samples_table_GSE244645.csv,,o4-mini-2025-04-16,"No | evidence: No OS/RFS/PFS time or event status columns—only expression, sample condition, age, sex | justification: Dataset provides no patient‐specific survival time or status",No | stage i evidence: Stage I annotations exist for some NSCLC samples but dataset mixes NSCLC with HNSCC and overall stage I proportion is unclear | act evidence: No explicit adjuvant chemotherapy annotation present | justification: Does not clearly satisfy ≥50% stage I NSCLC criterion and lacks ACT information,meets survival criterion: No | meets stage or act criterion: No | justification: Lacks survival data and does not meet stage I composition or ACT annotation requirements,No,False
samples_table_GSE193628.csv,,o4-mini-2025-04-16,No | evidence: Dataset consists solely of PC-9 cell line samples (gefitinib-resistant vs. sensitive) with no patient survival time or status information. | justification: The data originate from in vitro cell line experiments rather than clinical patient outcomes.,No | stage i evidence: None—no patient staging information provided. | act evidence: None—no adjuvant chemotherapy annotation present. | justification: This dataset lacks any clinical sample composition or treatment annotation; it only profiles cell lines.,"meets survival criterion: No | meets stage or act criterion: No | justification: As an in vitro cell line study, it does not provide patient survival data, staging, or adjuvant chemotherapy information required by the inclusion criteria.",No,False
samples_table_GSE64322.csv,,o4-mini-2025-04-16,"No | evidence: Study summary and sample table list cell‐line models (GSM entries) with mutation and resistance mechanism; no survival time or status fields present. | justification: No patient‐specific survival data (OS, PFS, RFS) are provided.",No | stage i evidence: No staging information provided. | act evidence: No adjuvant chemotherapy annotation in sample metadata. | justification: Dataset consists of EGFR‐mutant cell lines with resistance mechanisms; no stage or ACT data.,meets survival criterion: No | meets stage or act criterion: No | justification: Dataset lacks both survival information and stage I or adjuvant chemotherapy annotation.,No,False
samples_table_GSE5828.csv,,o4-mini-2025-04-16,"No | evidence: No mention of overall survival, progression-free survival, status or follow-up times in title, summary, or sample annotations. | justification: The dataset description and sample metadata include only tumour classification by nodal status, with no survival time or status fields.","No | stage i evidence: Samples are annotated by nodal (N) status only (N0, N1/2m, N1d); no explicit TNM stage I information. | act evidence: No adjuvant chemotherapy annotation is provided in sample metadata or study description. | justification: Neither a majority of stage I patients nor adjuvant chemotherapy status is documented.","meets survival criterion: No | meets stage or act criterion: No | justification: The dataset lacks both survival outcome data and required clinical annotations (stage I ≥50% or adjuvant chemo), so it fails inclusion criteria.",No,False
samples_table_GSE190731.csv,,o4-mini-2025-04-16,"No | evidence: Dataset describes a xenograft mouse model; no patient survival time or status provided. | justification: Only mouse treatment and gene expression data are reported, no human survival endpoints.",No | justification: No human stage information or adjuvant chemotherapy annotation; preclinical model only.,meets survival criterion: No | meets stage or act criterion: No | justification: Lacks required human survival data and stage I or ACT annotations for NSCLC patients.,No,False
